timestamp,engine_id,chamber_pressure,fuel_flow,temperature
2025-07-09T13:26:36.589625,TRE-003,264.1708279528753,141.54202265687377,4071.288866531212
2025-07-09T13:40:53.947258,TRE-002,276.0422211919306,127.65343307749221,4212.116930426568
2025-07-09T13:36:41.496585,TRE-005,290.7697555166925,128.65028687476703,4119.050961444419
2025-07-09T13:20:37.151440,TRE-002,268.03297784288844,130.57983429032768,4032.758099183031
2025-07-09T13:54:07.731750,TRE-001,269.04151004374063,144.46615430335265,4070.7015691510683
2025-07-09T13:32:17.852665,TRE-004,272.67556493803824,,4103.113935014185
2025-07-09T13:41:00.829427,TRE-002,258.20330804887936,128.79961558917745,4166.189097418614
2025-07-09T13:32:51.813675,TRE-003,271.1412927453758,156.69252472118077,4081.3678682502655
2025-07-09T13:17:49.833444,TRE-002,281.6180583815848,125.56447798838863,4144.056484638649
2025-07-09T13:48:34.812287,TRE-005,256.5504477974929,130.29225130399183,4181.531062025446
2025-07-09T13:47:25.867464,TRE-005,282.4344847903618,138.61283326491744,4090.026829209665
2025-07-09T13:54:47.481675,TRE-005,272.7353132267428,141.56640219495205,4063.160683466297
2025-07-09T13:23:28.059794,TRE-002,255.30684098901267,124.28327604671907,4163.936004418939
2025-07-09T13:55:47.181340,TRE-004,267.6161661190938,130.97952209216936,4114.964907329043
2025-07-09T13:18:16.764929,TRE-004,253.1208248588537,131.71639026599198,4085.9452455180835
2025-07-09T13:15:53.799825,TRE-001,282.4785051363055,136.80457048007437,4088.5061984484273
2025-07-09T13:27:26.714519,TRE-005,277.89233348625834,136.94910936497791,4067.9522508772457
2025-07-09T13:32:32.801425,TRE-005,272.9358545366744,135.20890384019734,4047.427291568247
2025-07-09T13:24:11.523796,TRE-001,298.66502378111454,142.4902831220595,4050.6062412464985
2025-07-09T13:17:52.950394,TRE-004,268.5027273731242,126.51704818182257,4177.496680155618
2025-07-09T13:38:51.151426,TRE-004,257.7014848726165,127.09445375700419,4127.671655016758
2025-07-09T13:32:32.943623,TRE-004,256.42339951952863,141.84528871801697,4167.723745379384
2025-07-09T13:32:47.616044,TRE-001,288.39250880468984,,
2025-07-09T13:13:55.772159,TRE-003,296.4200592101763,141.66988612561553,4083.9864278153564
2025-07-09T13:40:11.264440,TRE-003,284.7172053524818,151.2707519195403,4097.305283458888
2025-07-09T13:12:15.835781,TRE-004,262.1315189615824,122.83079628097772,4089.946505195938
2025-07-09T13:48:01.394259,TRE-004,266.8047199689238,133.71180525627025,3998.2123350075117
2025-07-09T13:49:32.793652,TRE-005,287.67629703666955,145.7196917476033,4109.487127213083
2025-07-09T13:22:32.611077,TRE-003,270.3175400139037,134.42443732454117,4068.8811084376034
2025-07-09T13:26:53.942330,TRE-005,295.3995540712843,139.41854505143039,4024.90115932709
2025-07-09T13:46:03.590577,TRE-001,283.69420711097155,128.52388047268212,4110.509223177782
2025-07-09T13:13:45.721068,TRE-005,278.27046564809456,137.14706424447814,4005.4422550302356
2025-07-09T13:11:30.455926,TRE-005,283.85599570825633,135.5593602201692,4057.13244378979
2025-07-09T13:22:45.472583,TRE-001,274.2596389585023,118.30287729909446,4068.9522606607347
2025-07-09T13:36:51.912138,TRE-002,243.9467327802348,109.94947303599879,4150.505827288295
2025-07-09T13:26:01.267694,TRE-001,266.78367731438266,140.80177074042865,4097.813563029495
2025-07-09T13:19:14.503358,TRE-005,279.3137644784691,136.03965783226477,4161.972992620621
2025-07-09T13:08:52.738678,TRE-004,269.7206712633134,141.26280984831112,4137.859423031047
2025-07-09T13:47:36.181820,TRE-001,280.1728923990691,145.7695302838417,4124.002256839235
2025-07-09T13:15:03.877842,TRE-004,274.7028352610167,127.68613760872913,4076.8629255562278
2025-07-09T14:01:17.614786,TRE-004,267.9067824383623,120.83473261829373,3978.3885673071213
2025-07-09T14:06:42.749030,TRE-003,308.57877283341173,,4078.156618334695
2025-07-09T13:47:31.340727,TRE-004,284.3941597432579,137.0860127298324,4153.61785004012
2025-07-09T13:30:13.159914,TRE-003,304.80217167170986,133.15604741737707,4059.364098823577
2025-07-09T13:28:32.189383,TRE-002,259.0300974308427,122.53961227910276,4161.767326462204
2025-07-09T13:28:17.827121,TRE-005,305.67380778912076,140.52238129879325,4109.814642767862
2025-07-09T13:09:46.567881,TRE-005,284.2572966458095,126.20584785622262,4048.8974975559618
2025-07-09T14:04:03.767475,TRE-001,255.03339439359337,132.5930708039296,4078.6537051611085
2025-07-09T13:32:50.375316,TRE-003,295.8554267345682,143.25811089460134,4093.747202862473
2025-07-09T13:55:27.248458,TRE-002,261.9062588438163,128.95958788107532,4076.7096877991116
2025-07-09T13:26:53.386269,TRE-005,263.99928418886174,129.26228724204344,4018.5664447742574
2025-07-09T13:37:59.464166,TRE-003,280.9940418780765,136.5863179352949,4062.2474833934157
2025-07-09T14:09:12.708980,TRE-001,288.8468436256528,133.457574554383,4098.999188537637
2025-07-09T13:41:12.102744,TRE-004,282.5140637426628,143.5910850630903,4190.696485683029
2025-07-09T13:17:52.024870,TRE-001,269.75504282778354,145.14968627054438,4050.5431140961023
2025-07-09T13:33:37.192962,TRE-003,297.0116076718296,145.80472255032237,4034.956862814074
2025-07-09T13:38:14.856842,TRE-001,287.3533239776404,134.90382128219494,4073.0995457662366
2025-07-09T13:32:08.933606,TRE-004,261.47420729802354,136.03564756352628,4206.584958254698
2025-07-09T13:41:14.570910,TRE-004,287.371968531886,146.01869922855056,4148.207486849463
2025-07-09T13:50:34.664350,TRE-005,50.6023105174274,134.90508913506525,4029.1219565148563
2025-07-09T13:38:31.292233,TRE-003,289.7295715406124,137.37833480907818,4020.274388822668
2025-07-09T13:39:59.368957,TRE-001,282.44651679034644,138.4891573428126,4103.98576001336
2025-07-09T13:16:47.666947,TRE-003,296.6653293129852,146.04943606891243,3999.460120320454
2025-07-09T13:19:40.341098,TRE-003,283.9263386568158,140.1727632682172,4030.7326593386542
2025-07-09T13:26:34.527314,TRE-004,263.67814533912605,120.93817238327604,4111.9299340346515
2025-07-09T13:10:21.164174,TRE-001,281.9621993659379,141.00649605823702,4098.441629282468
2025-07-09T13:09:55.150286,TRE-005,281.12617417507573,128.79173241456613,3996.38121258905
2025-07-09T13:32:40.384359,TRE-005,279.12680948508256,138.20112391418272,4001.247062919333
2025-07-09T13:57:48.428067,TRE-002,264.56262122060053,118.14871094321032,4200.433150755498
2025-07-09T13:33:20.320344,TRE-005,278.1025156462546,139.6860638988602,4057.636832376657
2025-07-09T13:17:42.029049,TRE-005,274.3000604629424,148.60543210054584,4158.862160365333
2025-07-09T14:11:06.076524,TRE-001,291.1341864552954,138.82882898412635,4073.8410474592756
2025-07-09T13:23:43.475001,TRE-003,293.95685299982523,142.49916039630043,4053.1036761451
2025-07-09T13:49:20.458236,TRE-004,262.31965782069005,146.46368826851653,4050.4401812077313
2025-07-09T14:05:48.112482,TRE-002,249.23997504283665,120.6818317500524,4152.66580607676
2025-07-09T13:49:51.127328,TRE-001,290.27920289660005,132.07465959436277,3959.013216760686
2025-07-09T13:20:54.881869,TRE-002,268.5929146404432,129.0574191867359,4135.761609323158
2025-07-09T13:42:51.496032,TRE-001,289.72194652074825,127.50351556207059,4151.533515070839
2025-07-09T13:50:54.359931,TRE-001,281.127033577834,132.0186326410894,-181.0281445481502
2025-07-09T14:07:48.892334,TRE-005,273.83428388241686,141.2542392065034,4138.455345608355
2025-07-09T13:36:17.694515,TRE-001,283.76156780105316,134.38748328033137,4048.936080397847
2025-07-09T13:24:42.551900,TRE-005,275.5828186669906,127.51308894136264,4160.433285370939
2025-07-09T13:39:08.848574,TRE-001,277.7507536857821,134.31639731338353,4132.8062302120225
2025-07-09T13:25:56.838149,TRE-005,273.09756771317797,126.81875065273644,4075.669488692683
2025-07-09T13:09:14.113939,TRE-001,276.10898264305314,0.1,4054.285718301971
2025-07-09T13:39:22.257819,TRE-002,275.01448315886717,105.84665419895344,4176.4808268289025
2025-07-09T14:08:53.534282,TRE-005,266.07127206998774,137.93057440666067,4092.57264079848
2025-07-09T14:05:57.827369,TRE-003,288.4828204928174,137.87034047124766,4100.456088801709
2025-07-09T13:29:48.460884,TRE-003,295.0147089687021,139.22318937663832,4009.212850458808
2025-07-09T13:32:08.459460,TRE-001,287.71942217976624,124.68913596694661,4114.867078257076
2025-07-09T13:55:17.912469,TRE-003,277.1288821454057,137.27785670829476,3976.6735560620527
2025-07-09T13:32:58.525035,TRE-005,272.58244638923054,,4114.342684543336
2025-07-09T13:21:55.918946,TRE-001,282.95302039270416,134.95391295486553,4066.5143691776884
2025-07-09T13:09:41.814153,TRE-001,291.13981346836647,155.78687113050975,4061.526635982295
2025-07-09T13:26:21.427322,TRE-003,281.74234630051177,143.3692036027718,3962.0547820375136
2025-07-09T13:27:54.307518,TRE-003,287.8420584823416,141.82277334882824,3998.99006866431
2025-07-09T13:31:01.327976,TRE-005,279.4124997969457,127.05751285878002,4071.0733479668866
2025-07-09T13:24:42.601694,TRE-005,279.7220203182951,146.51387522065735,4145.988647965505
2025-07-09T14:16:09.603736,TRE-002,263.3432271951705,128.53821353595762,4157.7298621388
2025-07-09T13:16:23.130031,TRE-001,286.97380837313244,129.85313609356774,4153.037551700127
2025-07-09T13:44:00.904562,TRE-002,266.3240153340993,123.94523087438944,4231.466617992016
2025-07-09T13:35:55.879297,TRE-004,268.2726938876687,0.1,4058.1723639287843
2025-07-09T13:47:43.488168,TRE-003,293.0382704554305,141.21730482056017,4054.0407156189713
2025-07-09T13:20:26.880885,TRE-001,285.32669653496987,142.73905866379656,4143.037807441782
2025-07-09T13:52:44.489162,TRE-004,254.34989449400277,143.67873119652444,4142.543604105825
2025-07-09T13:30:32.619756,TRE-004,263.0095949925061,130.56922148308274,4093.331834300858
2025-07-09T13:59:29.386883,TRE-001,293.7502169165673,146.02364129872294,4097.553023982151
2025-07-09T13:26:30.042193,TRE-005,280.9499404530105,126.76300792223333,4086.030562729786
2025-07-09T13:34:24.964418,TRE-003,291.30621557434176,140.58277562612795,4022.054716084104
2025-07-09T13:38:37.697762,TRE-003,300.26393947064,132.14448434584517,3976.960059649635
2025-07-09T13:10:02.200973,TRE-004,270.1765621187381,137.37474590528558,4177.443072692331
2025-07-09T14:06:52.303829,TRE-001,286.5323380641949,132.2339894797303,4085.0421709591333
2025-07-09T13:34:52.838021,TRE-001,257.46613588526134,129.64560862218622,4039.5413497666586
2025-07-09T13:33:31.439267,TRE-002,256.54667279812384,132.31360945129939,4145.846496448303
2025-07-09T14:10:02.427346,TRE-002,248.9217056626017,114.37765062428736,4147.452515643279
2025-07-09T13:39:19.909034,TRE-005,264.3963661870442,132.61236370996951,4047.027686568018
2025-07-09T13:29:43.634203,TRE-005,276.29624996591576,125.3092994438,4072.294508036583
2025-07-09T13:39:35.176102,TRE-005,289.278903122882,137.1576916816317,4029.6240454012345
2025-07-09T13:54:02.516142,TRE-004,278.6156849825265,155.34727181399404,4071.1801324963485
2025-07-09T13:53:12.259317,TRE-004,282.95193079236583,135.15873816025552,4083.9599282011104
2025-07-09T13:54:31.231291,TRE-004,275.8169229846503,119.2246463532658,4121.469833838399
2025-07-09T13:17:44.768538,TRE-002,242.57333439301493,119.32472332712086,4158.291408531458
2025-07-09T13:36:01.582945,TRE-004,270.58786642577485,122.35880751320458,4082.6208646041755
2025-07-09T13:15:35.775017,TRE-002,262.1197380036486,122.99792524600078,4203.574836471973
2025-07-09T14:17:12.211391,TRE-001,276.62665364095443,139.1472968151533,4026.210057886483
2025-07-09T13:23:16.689585,TRE-001,283.4987296548654,139.58298478608938,4097.592317714973
2025-07-09T13:13:52.996309,TRE-003,290.34301756485576,146.9437343188238,4006.3425788312675
2025-07-09T13:49:59.129632,TRE-001,293.61275620673536,144.36449251188293,4071.438079483569
2025-07-09T13:21:15.115519,TRE-001,273.09730732301585,132.0291294103607,4057.044128179495
2025-07-09T13:22:16.329228,TRE-001,303.1295578599179,150.39283294157835,4109.137747377476
2025-07-09T13:44:44.633332,TRE-002,249.8646038773771,127.48319712232485,4158.707097634891
2025-07-09T13:46:43.249407,TRE-005,271.1990771128373,138.1278427288557,4081.3370535644876
2025-07-09T14:05:37.527912,TRE-001,288.6610707471261,130.4970299020186,4001.070198263612
2025-07-09T13:43:09.370927,TRE-001,270.82772487226373,146.02965788052765,4008.823386951623
2025-07-09T13:28:41.951451,TRE-003,258.64287192048533,115.47381914019769,4075.5279104311753
2025-07-09T13:17:23.586880,TRE-005,266.6614904866894,139.49909563828564,4044.215707629207
2025-07-09T13:15:20.946607,TRE-002,247.4724458288605,136.13614559521923,4155.441460883516
2025-07-09T14:00:24.196420,TRE-003,291.2646132164089,133.4744007092581,4013.5289808756343
2025-07-09T13:17:16.744819,TRE-002,256.51780926149206,,4132.112805370428
2025-07-09T13:14:56.478863,TRE-004,275.67300989280017,131.73506724524407,4117.927069794431
2025-07-09T13:15:27.369379,TRE-003,281.2670948753135,140.4062098958733,4039.866644846145
2025-07-09T13:53:26.974407,TRE-002,267.6688461308106,105.71408276975339,4104.221656922686
2025-07-09T13:12:52.780430,TRE-004,270.6614267965864,142.51891336055712,4120.910848945961
2025-07-09T13:31:55.274244,TRE-003,303.6081397468571,136.13559817658182,4084.0154928787592
2025-07-09T14:01:47.318088,TRE-005,274.03771698641464,123.92961008625251,4137.710155846043
2025-07-09T13:21:16.976759,TRE-001,264.20877859322087,129.32099864370568,4094.8977169645777
2025-07-09T13:25:16.605038,TRE-004,287.28378509488664,133.7517778275486,4075.183960573771
2025-07-09T13:44:17.844311,TRE-005,273.3011360536995,145.84936691003753,4060.73516840455
2025-07-09T13:34:58.052946,TRE-005,281.0372563271095,138.4820922137864,4191.160596544907
2025-07-09T13:28:23.466956,TRE-002,,121.39777198526306,4111.45782748347
2025-07-09T13:29:09.659433,TRE-001,279.7142770806892,135.196717905061,4113.464405337512
2025-07-09T13:16:20.013606,TRE-004,300.4816829127661,136.56717562819244,4112.8279789335875
2025-07-09T13:16:19.178527,TRE-002,259.9298072345132,121.36413867081163,4180.660189620868
2025-07-09T13:34:11.336647,TRE-003,293.5810582764248,131.10599771247206,4131.729398686151
2025-07-09T13:36:52.114065,TRE-001,829.1280561628778,145.66296875002584,3946.49593558772
2025-07-09T13:34:01.027392,TRE-005,273.329564119083,134.5046184486597,4088.727441130082
2025-07-09T14:03:42.471547,TRE-003,285.75118511489285,126.79828083076954,4019.0229379455977
2025-07-09T14:14:53.916683,TRE-002,250.38060403461998,124.72465099790517,4177.265212606429
2025-07-09T13:26:44.375530,TRE-005,285.2527168424219,0.1,4056.123800800736
2025-07-09T13:35:45.407061,TRE-003,269.52065207010753,140.25120681437946,4046.205013442939
2025-07-09T13:59:34.252753,TRE-001,294.6334149838642,151.28155527402134,4096.129439594969
2025-07-09T13:51:24.055920,TRE-004,263.6168272526861,121.89130648856145,4149.7011180516265
2025-07-09T13:08:44.697575,TRE-004,275.60094314124825,130.21964667679507,4078.7579545406597
2025-07-09T14:29:42.251126,TRE-004,275.9621495094426,137.32293044888593,4214.322511076245
2025-07-09T13:22:02.703005,TRE-001,282.2171882089895,149.66756876717773,4125.927242444515
2025-07-09T13:22:05.368737,TRE-002,778.4465664556153,124.92859334467008,4150.962165016597
2025-07-09T14:02:26.224464,TRE-001,303.3039752221116,131.5916193217433,4102.475167631986
2025-07-09T13:36:31.236166,TRE-005,285.19691391094125,132.28819709245258,4097.39984983212
2025-07-09T13:45:58.780043,TRE-005,266.74874661490907,0.1,4099.235851804226
2025-07-09T13:21:24.158313,TRE-005,287.6636513891452,135.75604699281612,3978.226526025616
2025-07-09T13:29:13.840268,TRE-002,283.5916673841441,141.90919480778092,4211.7790426646225
2025-07-09T13:24:05.392619,TRE-003,275.75129897714896,157.47853692649807,4015.5609412738827
2025-07-09T13:29:42.407205,TRE-001,289.5416890233664,136.99037774050169,4044.123634427449
2025-07-09T13:26:48.530377,TRE-003,291.17316365076647,154.2338888655488,3998.656582798956
2025-07-09T13:28:47.816712,TRE-001,275.8065107925212,133.41711377229967,4034.968510674493
2025-07-09T13:33:51.692123,TRE-005,279.14792696541036,141.03678861756438,4120.472092206392
2025-07-09T13:44:46.887364,TRE-002,255.69928756217143,121.25277701068848,4201.335901924239
2025-07-09T13:31:48.486587,TRE-001,294.4290528760003,132.4767288636845,4089.4219730099517
2025-07-09T13:19:59.709087,TRE-002,261.4074080160135,125.91587177171566,4143.161560156792
2025-07-09T13:44:10.324593,TRE-001,269.3014006469524,149.70096614505943,4105.963022185664
2025-07-09T13:31:43.095349,TRE-003,269.07874473327115,129.32502257479524,3973.9408844541954
2025-07-09T13:13:56.890436,TRE-005,267.67879658546934,144.2494945361638,4124.906225302244
2025-07-09T13:37:19.919799,TRE-004,285.494743002599,113.02850856908586,4172.00082058162
2025-07-09T13:52:48.746124,TRE-005,272.6140458748981,140.38900428847722,4200.756694939491
2025-07-09T13:20:45.613484,TRE-001,287.6173876011468,138.6691388894733,4045.785010111776
2025-07-09T13:16:27.229360,TRE-001,299.3091812733492,136.6966670912214,4064.6442732017417
2025-07-09T14:00:15.789505,TRE-003,,,4035.1096843845726
2025-07-09T13:15:35.827296,TRE-005,277.0409299183029,133.37176361512252,4072.337460135012
2025-07-09T13:28:56.852074,TRE-005,287.42504659479823,130.65442171444624,4085.5913678165152
2025-07-09T13:26:19.058671,TRE-001,277.93307669043406,142.55817008000506,3990.364646759771
2025-07-09T13:17:27.925430,TRE-003,301.8796176275798,144.75753547693577,4008.174955673062
2025-07-09T13:45:02.415547,TRE-003,272.424221134304,137.91457944567793,4077.8200711350178
2025-07-09T13:35:25.679010,TRE-001,270.1482888243794,137.48863583910742,11206.616127173047
2025-07-09T13:47:41.065352,TRE-004,261.4724752154422,125.05366084079374,4059.6339844746517
2025-07-09T13:30:30.071965,TRE-003,281.5436210876882,143.36299524289024,-201.81094556198357
2025-07-09T13:25:56.127925,TRE-001,289.1662592777818,0.1,4033.938465940176
2025-07-09T13:43:53.821866,TRE-003,286.59083242215416,147.4743274536136,3955.206441700013
2025-07-09T13:13:58.624121,TRE-005,292.6947258282846,135.41013941091964,11084.23334574458
2025-07-09T13:15:34.310369,TRE-003,278.15121763422957,149.68073764352786,-146.21732865727427
2025-07-09T13:15:50.549456,TRE-004,288.0180441406276,137.62988251478023,4101.775184627572
2025-07-09T13:25:18.960226,TRE-004,254.89526513499356,134.34363653035768,4094.8068920612677
2025-07-09T14:18:43.374580,TRE-002,276.4388362862269,107.82480878208804,4156.856610799455
2025-07-09T13:57:30.251047,TRE-005,278.6630228368216,126.71167988877397,4079.4609033878596
2025-07-09T13:27:36.557164,TRE-003,289.0766941852933,154.8934824678348,3972.278825925487
2025-07-09T14:04:26.541981,TRE-005,267.0940428140107,140.88949328038905,4075.229052666549
2025-07-09T13:40:38.569255,TRE-004,285.3070617282756,136.19055935587826,4145.298978327555
2025-07-09T13:08:23.180828,TRE-003,289.3967608926646,144.33419881711112,4056.244659371355
2025-07-09T13:11:12.682228,TRE-001,289.6075361727724,135.53332974463373,4133.932547789224
2025-07-09T13:58:13.710109,TRE-003,281.610568893338,144.7780135450502,3997.502237340897
2025-07-09T13:18:24.603738,TRE-002,270.3865264916941,116.92879739028714,4136.701445470674
2025-07-09T13:10:03.015889,TRE-004,271.08982233829425,131.39416075495177,4164.122790704081
2025-07-09T13:30:09.868994,TRE-001,287.49685666060674,139.54296671958778,4093.1257342910208
2025-07-09T13:32:08.967074,TRE-004,259.6182921375672,137.78155979995438,4150.8440808835585
2025-07-09T13:29:35.210421,TRE-001,273.92156099002415,136.6823098507362,4077.911750013731
2025-07-09T13:32:10.037502,TRE-002,254.68135178953682,120.31288680423748,4150.973807152368
2025-07-09T13:16:03.452331,TRE-003,309.41764876490856,144.6354053108226,4060.802346102916
2025-07-09T13:59:36.437213,TRE-001,290.3572008657912,143.4985307204233,3976.746173697691
2025-07-09T13:24:09.784477,TRE-003,292.60434795101395,133.3436714294566,4034.9090475325906
2025-07-09T13:25:32.301704,TRE-001,301.3626947373552,130.82048631113742,4020.762425071363
2025-07-09T13:12:21.742893,TRE-005,271.0860654029451,,
2025-07-09T14:13:20.804080,TRE-003,276.077402522845,140.08951979389678,4094.9017339372517
2025-07-09T13:37:16.013938,TRE-004,286.9847056043681,137.43873815193564,4122.228716792898
2025-07-09T13:22:12.228090,TRE-003,287.4593851271133,140.85447583610468,4100.514504486519
2025-07-09T13:34:11.201037,TRE-001,282.7436483503955,145.70606323042315,4037.2634372829307
2025-07-09T13:15:00.241123,TRE-002,254.9222716130511,125.41083729405449,4075.875801097596
2025-07-09T13:58:48.018736,TRE-001,294.210463202094,137.97902875814694,4030.727896153929
2025-07-09T13:25:15.264233,TRE-002,272.61313694668604,118.12668668400507,4196.0293793533
2025-07-09T13:16:04.935176,TRE-004,278.03907278892126,134.76556608796866,4160.137238561782
2025-07-09T13:20:18.836631,TRE-002,253.7125907331693,125.1227865402034,4123.129921855077
2025-07-09T13:08:47.320890,TRE-005,267.8582710790114,147.768635295737,4150.167131830562
2025-07-09T13:17:41.780206,TRE-004,279.36264181657884,138.8955073316894,4026.510825868187
2025-07-09T13:45:28.702329,TRE-004,265.9977759187114,130.13355749359152,4036.0497517943777
2025-07-09T13:28:24.762546,TRE-005,276.28470405788136,118.96515991742726,4143.265495097182
2025-07-09T13:18:29.248111,TRE-002,264.4276346453383,127.08577123898955,4076.081251456093
2025-07-09T13:22:44.394249,TRE-003,279.02855419727007,131.41585520025203,3982.8399466638093
2025-07-09T13:14:38.356006,TRE-003,275.79446185519237,124.53287959863871,4012.5705630933253
2025-07-09T13:19:42.693489,TRE-005,280.1909674645394,140.64198638708606,4071.710771158895
2025-07-09T13:32:10.676733,TRE-003,279.52813758612643,134.23370143415772,4040.5618567933902
2025-07-09T13:29:15.993281,TRE-001,298.710251747661,124.83404146390922,4162.365491889215
2025-07-09T13:26:57.097650,TRE-002,267.5520131767763,122.7851235339235,4169.910370111077
2025-07-09T13:49:42.856615,TRE-004,287.6094747495688,130.80876200310945,4088.7097201603356
2025-07-09T13:35:32.168537,TRE-003,287.1816978706396,147.71028497458863,4121.28647506403
2025-07-09T13:12:59.281509,TRE-003,286.26147618663776,141.02946720520396,3982.132465568399
2025-07-09T13:27:44.288958,TRE-004,264.0522294984726,141.41670413068005,4102.651705115229
2025-07-09T14:13:53.256244,TRE-005,271.916080976532,134.43234390259013,4053.8498073455257
2025-07-09T13:25:46.833818,TRE-004,265.773441589443,142.9699374901545,4066.9197597163306
2025-07-09T13:23:43.559945,TRE-001,265.69590766512636,152.46622238080815,4073.966996338095
2025-07-09T13:09:30.005607,TRE-004,268.01628091901534,125.99997874517645,4107.687192493245
2025-07-09T13:54:56.270864,TRE-002,264.644312114972,115.31270068234801,3995.2645185978736
2025-07-09T13:35:54.961625,TRE-003,290.89971956693745,129.74875580875337,4107.760990158345
2025-07-09T13:41:04.538724,TRE-001,278.47220088984017,145.4345582705869,4038.4361318103497
2025-07-09T13:24:00.016817,TRE-003,274.2607199959817,149.97569852447177,4079.7573123193947
2025-07-09T13:59:24.093975,TRE-001,287.43602167473546,147.5856884160821,4041.6779917960453
2025-07-09T13:37:14.174909,TRE-001,288.4554584732481,141.2305373018719,4021.6985780754803
2025-07-09T13:08:27.908127,TRE-005,278.6474509999539,136.7023302358783,4082.592562499437
2025-07-09T13:33:11.308415,TRE-003,286.7965275311887,152.7102879257759,4118.79271245995
2025-07-09T14:05:21.180216,TRE-004,266.3925828907554,137.8824398156293,4039.4071052320774
2025-07-09T14:12:16.897692,TRE-002,258.8431142320204,122.05838719766939,4102.433634485583
2025-07-09T13:44:07.373252,TRE-003,291.5135121814993,147.28212636083003,4112.993541148479
2025-07-09T13:25:09.614716,TRE-004,262.59793561519007,135.34978723721295,4126.570384405342
2025-07-09T13:53:40.948788,TRE-002,272.49855529400406,116.0997277764073,4138.840150600524
2025-07-09T13:38:10.799779,TRE-002,245.9970616255208,126.80389513291914,4071.6462229528115
2025-07-09T13:23:49.549105,TRE-005,267.03370364130376,121.42957517074156,4059.0970197103834
2025-07-09T13:13:45.992162,TRE-005,269.1660886655304,123.25153781284807,4092.5945539613344
2025-07-09T13:27:39.568494,TRE-005,255.6448108126192,130.94216317380113,4055.109848978124
2025-07-09T13:51:50.787869,TRE-004,56.13267251014417,123.55472337116458,4106.588790620327
2025-07-09T13:11:53.334591,TRE-004,280.67430591191584,137.41154061891763,4076.4460043109225
2025-07-09T13:19:29.178786,TRE-002,,123.04272932017449,
2025-07-09T13:23:19.144385,TRE-003,289.55804630253465,154.93760587985642,4082.663912251987
2025-07-09T13:30:05.391706,TRE-004,275.6187017547267,124.17261532220674,4147.357864821674
2025-07-09T13:37:42.534342,TRE-002,260.7288893306152,140.57772136310857,4148.065441071328
2025-07-09T13:30:27.427174,TRE-003,281.6685078205002,140.025477051804,4039.6618933689133
2025-07-09T13:42:29.828638,TRE-003,277.95620478484847,143.39537418226206,4027.904136527766
2025-07-09T13:12:43.100924,TRE-005,278.68101548658285,135.54362670813734,4080.489368360933
2025-07-09T13:23:05.689043,TRE-005,270.81357121694884,125.24065683124823,4111.699255556356
2025-07-09T13:47:12.522818,TRE-004,278.00863271355746,139.1006106208314,4085.0638711429538
2025-07-09T13:35:38.996317,TRE-004,289.0710629522447,126.9301032617986,4067.940878165406
2025-07-09T13:18:30.733002,TRE-003,281.49797914335875,131.51029723707308,3996.7331111272406
2025-07-09T13:15:45.689371,TRE-004,277.19450341035383,121.60558573401124,4216.799810658883
2025-07-09T13:51:23.876866,TRE-003,280.70859133100896,141.8094220975098,4068.45047537757
2025-07-09T13:24:52.727529,TRE-004,278.7282617382785,140.93981640434964,4188.741540155419
2025-07-09T13:20:55.239066,TRE-003,286.25248830764315,143.74198504463314,4145.592155884939
2025-07-09T13:33:52.840871,TRE-003,298.4608145706154,145.41136722582627,4023.5532244063475
2025-07-09T13:45:23.577383,TRE-004,264.065200579172,134.01350918097947,4079.4225260166295
2025-07-09T13:27:05.358864,TRE-003,303.275426626265,141.92041083231635,4034.5267924854397
2025-07-09T13:57:34.543403,TRE-001,288.0199940357787,131.29370454436608,4054.7179095374063
2025-07-09T13:39:12.745854,TRE-002,241.1921386123086,131.7429674508266,4174.313369945594
2025-07-09T13:17:17.873548,TRE-001,288.0463011752514,133.9140156251667,4074.17168464498
2025-07-09T13:19:41.516807,TRE-004,298.06331714603203,130.12505248090847,4191.459920362044
2025-07-09T13:40:59.588064,TRE-003,272.5690865569371,140.51891589730397,4055.38833349458
2025-07-09T13:33:59.278831,TRE-005,283.8099793177461,141.48444079396015,4166.102390265755
2025-07-09T13:27:38.217686,TRE-005,271.6301655565282,138.74645935246974,4040.6798330492343
2025-07-09T13:29:30.513633,TRE-003,284.7902110366559,146.89949628543846,4058.321101583065
2025-07-09T13:17:03.157403,TRE-004,267.5030553533093,136.42679755497767,4147.592932618973
2025-07-09T13:25:51.928321,TRE-004,281.0436050339709,137.5782147262625,4138.162706376709
2025-07-09T13:23:44.324959,TRE-004,274.59564718829637,129.3200232241928,4123.257497365395
2025-07-09T13:12:40.851017,TRE-001,302.9764260873092,,4113.586745975714
2025-07-09T13:17:58.497284,TRE-005,266.7548902296917,136.5337536056422,4162.804318082871
2025-07-09T13:08:30.942333,TRE-001,300.1070389122871,131.14442776482696,4159.639026314713
2025-07-09T13:16:30.793386,TRE-004,293.4845290647781,123.55324742250822,4069.818510625797
2025-07-09T13:16:24.871501,TRE-004,263.32275751309254,132.24863386196105,4094.6857967810356
2025-07-09T13:19:31.641667,TRE-005,279.9913720536963,137.4649664443631,4268.41153664607
2025-07-09T13:16:51.904741,TRE-001,286.329489549194,140.1051474457509,4047.977142364862
2025-07-09T13:09:30.218572,TRE-005,266.56085157464537,127.4560852874797,4040.4450204344967
2025-07-09T13:28:13.046472,TRE-004,271.587452641619,138.72576605447307,4113.655303623074
2025-07-09T13:20:34.994268,TRE-003,299.42489123600785,,
2025-07-09T13:21:08.340394,TRE-001,275.21269500238526,143.88086839830186,4045.9661963306653
2025-07-09T13:12:44.786804,TRE-003,284.7632391911003,134.4931458460987,4042.180371736759
2025-07-09T13:24:14.059058,TRE-003,276.53301084137365,145.75730841184668,4096.931794064095
2025-07-09T13:29:21.935077,TRE-005,282.08849182598516,134.15971738571417,4036.9630205332414
2025-07-09T13:24:37.844851,TRE-003,,125.87848300978253,4060.4645833195204
2025-07-09T13:35:44.255537,TRE-002,248.25983028803472,116.9531150969622,4132.544759952418
2025-07-09T13:17:10.806910,TRE-003,274.47575068360425,143.69781186867866,4121.215394445063
2025-07-09T13:35:52.969194,TRE-003,263.8496446089957,145.18229939519992,4117.062875541152
2025-07-09T13:09:31.992282,TRE-002,264.4813052513602,130.52401549103143,4174.27569542199
2025-07-09T13:47:33.966672,TRE-004,287.0405526446317,118.05986648126118,4113.187499902583
2025-07-09T13:26:30.085613,TRE-002,282.3212036825993,117.98929736794294,4199.22084334556
2025-07-09T13:28:33.767963,TRE-004,269.5460755678421,121.16635813899153,4076.4641345156424
2025-07-09T13:12:42.144774,TRE-004,274.8181969429944,123.9284462926726,4139.325995782785
2025-07-09T13:31:12.405749,TRE-001,276.40242227190436,130.3866090475206,4026.3291324232478
2025-07-09T13:12:03.391803,TRE-005,280.89707128740895,135.61269911937546,4200.108470419955
2025-07-09T13:15:23.704371,TRE-004,533.1351839265342,133.28074473548213,4065.0752440202236
2025-07-09T13:20:24.341522,TRE-003,297.97642230057073,149.83421506162767,4086.8452880542723
2025-07-09T13:19:21.942111,TRE-001,294.24135904002134,151.89785511829444,4018.448523693422
2025-07-09T13:10:18.777449,TRE-003,286.739698230138,148.78229334895403,4068.213071081872
2025-07-09T13:28:38.875921,TRE-003,280.3067381793802,139.16562422133188,4065.297246250478
2025-07-09T13:41:14.999500,TRE-004,276.9694902513251,139.95299468984763,4179.943315890065
2025-07-09T13:30:37.900856,TRE-004,273.692482378573,134.35795592441053,4201.244554792355
2025-07-09T13:32:35.917044,TRE-005,294.19674318791925,141.43966633147548,4064.7579584841324
2025-07-09T13:33:01.683630,TRE-004,277.8016646522346,140.49083036599853,4074.9974203118413
2025-07-09T13:37:45.837833,TRE-001,281.178915615934,129.40345455900925,4072.7920163370654
2025-07-09T14:03:18.788784,TRE-005,273.6204199157381,134.561380724915,4109.602356219727
2025-07-09T13:18:57.672604,TRE-005,276.41021404709784,140.0899236249555,4151.73595945378
2025-07-09T13:59:14.465770,TRE-002,266.91752024073224,129.86664215346795,4104.77220826797
2025-07-09T13:29:53.150519,TRE-003,308.04865733758174,148.70010895611213,4156.806886920611
2025-07-09T13:10:21.704856,TRE-002,252.11877457836508,111.36567781341627,4106.134783942985
2025-07-09T13:30:34.076199,TRE-001,285.38156807327033,130.36941936956413,4046.1246929781983
2025-07-09T13:26:30.572922,TRE-001,269.0059805818841,131.13834331255532,4040.2821539848155
2025-07-09T13:09:46.789155,TRE-001,265.86457951437853,145.66197370025995,4027.566250544954
2025-07-09T13:22:23.288949,TRE-003,290.3647673763611,138.99157092501136,4006.320777664808
2025-07-09T13:24:14.154433,TRE-001,287.75636437041754,139.6088945654739,4078.1683694683206
2025-07-09T13:09:34.333238,TRE-005,269.79677879750903,133.9741678866548,4057.2819836435756
2025-07-09T13:23:13.948742,TRE-001,295.73294047542646,147.90826553004183,4119.866530872951
2025-07-09T13:33:20.511425,TRE-002,264.34286290517366,130.99373468556306,11535.771508524984
2025-07-09T13:46:58.217028,TRE-003,286.94962658327694,149.43590588315573,4041.898951737526
2025-07-09T13:14:16.694715,TRE-003,286.5418400023972,157.71867687564534,4040.368508204842
2025-07-09T13:32:39.315318,TRE-004,277.975986412551,130.72422122694334,4071.137761498559
2025-07-09T13:29:51.151988,TRE-002,262.0929675861584,139.567187981354,4133.202678694488
2025-07-09T13:21:18.124007,TRE-003,283.21586230065446,156.1727171654615,4109.649708873575
2025-07-09T13:25:53.709794,TRE-001,286.76275654950405,140.96644379817823,4025.625369854997
2025-07-09T13:48:58.458632,TRE-005,270.2904586886853,145.65529354642123,4035.553800185752
2025-07-09T13:17:07.242660,TRE-001,286.2101211826438,134.49263995416283,4053.5409171805354
2025-07-09T13:25:16.283902,TRE-002,267.8674495998748,121.18847690741602,4114.641726717893
2025-07-09T13:27:27.750919,TRE-003,284.99416284009027,135.35169570329725,4033.5075771161087
2025-07-09T13:52:22.717798,TRE-001,288.00584573518154,151.5507829575173,4097.009390912537
2025-07-09T13:14:05.477513,TRE-005,293.3764038694792,123.84375622619056,4160.683140863814
2025-07-09T13:13:00.395927,TRE-001,47.402195841356985,141.5016683383188,4081.5471409092934
2025-07-09T13:31:34.327342,TRE-003,298.2533593564527,139.57075591077236,4004.1915061844825
2025-07-09T13:41:08.789776,TRE-003,295.32493181720434,145.80576266909824,4104.473739016333
2025-07-09T13:21:28.122632,TRE-002,265.2948628650056,125.78897649068801,4161.047594286174
2025-07-09T13:57:33.463450,TRE-004,275.3734869110312,113.92405536825657,4115.284355943124
2025-07-09T13:39:56.268866,TRE-002,258.0413591987494,132.13637660506782,4204.161296621409
2025-07-09T13:39:24.114403,TRE-004,270.9241465792792,142.06582934368356,4061.7618814957273
2025-07-09T13:35:50.751776,TRE-004,264.897214339639,158.8299248992929,4097.224691897192
2025-07-09T13:28:11.092648,TRE-003,18.940108691851947,143.01817587998917,4082.239370459942
2025-07-09T13:24:34.051330,TRE-004,275.61483123993895,128.6798561155895,4096.864813942465
2025-07-09T13:09:32.382456,TRE-004,252.7141449639028,126.35168133571578,4057.3282190577715
2025-07-09T13:33:45.691817,TRE-004,250.29885163878623,137.9231089404281,4159.01844773518
2025-07-09T13:11:42.301411,TRE-001,276.96869373925824,138.77629278968172,4076.5726139737553
2025-07-09T13:40:55.541105,TRE-001,268.50164791259226,152.8864297328641,3967.8885300263805
2025-07-09T13:26:14.753739,TRE-003,303.0144936870331,153.87282414835278,4007.517719681763
2025-07-09T13:40:14.346479,TRE-005,279.7348377416697,109.78155581448473,4051.426319770114
2025-07-09T13:18:41.582119,TRE-004,263.25954485487983,136.92835896008887,4103.71609411543
2025-07-09T13:08:41.458590,TRE-001,282.77453338147984,135.42027691588353,4066.4977668429187
2025-07-09T14:04:43.349915,TRE-003,289.3094601236275,147.54968788914354,4004.423198872274
2025-07-09T13:42:38.215871,TRE-002,268.5896817415594,131.04270462716164,4089.2921248865255
2025-07-09T14:12:13.169258,TRE-003,289.8306094736582,142.23537649931527,
2025-07-09T13:10:14.604015,TRE-002,274.063379233535,125.3238978738361,4156.743521177698
2025-07-09T13:11:20.152002,TRE-001,272.9035807191236,139.21896874684913,4122.375148194918
2025-07-09T13:58:56.882064,TRE-001,282.26683273472224,151.59538569565927,4187.303842797168
2025-07-09T13:38:52.652552,TRE-003,285.7033549495435,138.92912429472742,4025.4181204523493
2025-07-09T13:08:55.550665,TRE-005,263.78304321619623,134.19303827524513,4149.616799960631
2025-07-09T13:24:24.278913,TRE-005,282.7078179662659,126.32523997143488,4065.5544578941635
2025-07-09T13:14:16.028072,TRE-002,258.4014537880264,114.84629444841337,
2025-07-09T13:27:52.076503,TRE-003,274.8358638272244,151.68423796132808,4040.5343956011548
2025-07-09T13:52:04.957338,TRE-003,286.8072927756664,143.85941748436395,4065.6695326526064
2025-07-09T13:35:15.023322,TRE-003,289.42888376634255,134.68562415303487,4041.202350311709
2025-07-09T14:03:03.612389,TRE-004,270.72865243620214,128.5687389080853,4046.1439879383483
2025-07-09T13:23:07.028030,TRE-005,271.1667829521515,138.40805212057555,4129.413125780516
2025-07-09T13:09:36.673775,TRE-002,258.76980952054504,125.28459453298775,4106.02827542228
2025-07-09T13:51:21.116561,TRE-003,290.3000378777311,143.70660661576827,4040.945198593169
2025-07-09T13:09:22.176533,TRE-001,281.2884629621146,140.08725194264315,4027.4167552823833
2025-07-09T13:18:04.514755,TRE-001,274.3643526251408,143.69133290213279,4074.0626481394706
2025-07-09T13:18:02.128942,TRE-004,286.4020595287477,140.5599509954431,4112.5104631682625
2025-07-09T13:21:48.331698,TRE-002,253.35781326193919,125.41581939511985,4181.489478032663
2025-07-09T13:12:32.149421,TRE-001,278.88578725578134,149.29537014327525,4153.206797665118
2025-07-09T13:45:40.092288,TRE-002,256.7920798890404,126.55041675747306,4184.275212501401
2025-07-09T13:24:07.716681,TRE-002,274.50421500217175,105.91820737509269,4190.406331714169
2025-07-09T13:45:04.993766,TRE-001,304.5857164572182,139.4303817963156,4149.087201178253
2025-07-09T13:30:05.881367,TRE-002,247.67657961836795,134.19484147322171,4118.258864760096
2025-07-09T14:14:23.109802,TRE-004,280.73137806696394,140.59460894874667,4149.13046746456
2025-07-09T13:33:53.031325,TRE-002,258.09744668736556,118.50177219143261,4143.494455306616
2025-07-09T13:34:44.451639,TRE-001,298.84345584787593,140.26220162469676,4079.3944592226303
2025-07-09T14:00:34.452222,TRE-004,276.539876510408,125.65076866449012,4056.668190865436
2025-07-09T13:10:21.378926,TRE-001,283.4902832484379,138.4940477206558,3965.088063257313
2025-07-09T13:56:57.851225,TRE-004,,123.30681025735193,
2025-07-09T13:29:47.698936,TRE-002,259.5970843727038,126.00886949306937,4127.249597732724
2025-07-09T13:33:08.575626,TRE-004,282.2523235433035,132.46425653197863,4103.498906161979
2025-07-09T14:14:32.539331,TRE-004,259.25271549253836,136.99404995197133,4050.724601549305
2025-07-09T13:27:28.480453,TRE-005,277.7737830810208,148.83866113580174,3976.2674228026917
2025-07-09T14:11:15.415504,TRE-002,259.5003820465254,124.50149379545873,4100.787395364779
2025-07-09T13:16:47.869373,TRE-003,291.7094714094828,147.51322527413555,4045.82691541871
2025-07-09T13:14:34.631067,TRE-004,275.74427315595574,137.5388333519624,4133.841095925249
2025-07-09T14:02:36.416944,TRE-003,291.2575938933067,135.63395227158242,4089.088078264154
2025-07-09T13:39:55.347108,TRE-004,266.0948364845918,138.84603981210213,4058.7248797628113
2025-07-09T13:55:56.233160,TRE-005,262.34886614340843,142.3205794489329,4052.670568756851
2025-07-09T14:30:48.667148,TRE-001,278.13867815951306,136.9627761367664,4023.374581915056
2025-07-09T14:02:44.213845,TRE-003,291.70937728649875,141.7481224242819,4133.773769593033
2025-07-09T13:38:30.653921,TRE-001,289.24042506825225,135.7466624794393,4091.0837068465403
2025-07-09T13:22:35.082158,TRE-001,275.3530817238291,131.93258478530532,4156.389101238454
2025-07-09T13:44:48.901135,TRE-004,266.5892247413902,118.14771266667327,4103.15128663856
2025-07-09T13:17:44.730096,TRE-002,256.1048398484099,134.44035182299137,4177.797579184944
2025-07-09T13:37:48.120106,TRE-001,283.88698239527776,139.50894726368523,3994.415153799653
2025-07-09T13:49:36.568653,TRE-003,291.56301274493984,139.35138476964391,4039.9070828211293
2025-07-09T13:15:53.698047,TRE-003,281.62957418325374,131.96766744251724,4113.874040784682
2025-07-09T13:10:11.484929,TRE-002,270.6294951651216,125.25787331058149,4133.577178123755
2025-07-09T13:32:50.788950,TRE-002,266.7223248866104,126.17932822783958,4155.157774446704
2025-07-09T13:35:48.457687,TRE-004,278.4534784484564,131.60179323422568,4217.726984315829
2025-07-09T14:00:53.064498,TRE-005,282.89809969108967,123.42934093705175,4026.9404436757272
2025-07-09T13:16:15.424183,TRE-002,259.99451279807363,126.1516182082169,4194.861007959767
2025-07-09T13:53:00.053366,TRE-001,279.1155062063664,145.5967881965142,4055.8177617177366
2025-07-09T13:19:11.483906,TRE-001,271.66658050084067,128.73580935908043,4059.7135236731356
2025-07-09T13:49:11.193742,TRE-001,269.185484306015,124.82705426470903,4117.159458928972
2025-07-09T13:24:47.663295,TRE-001,289.479393624291,135.86070709282845,4131.829872704493
2025-07-09T13:34:16.320466,TRE-002,236.42781756938018,132.05417591557816,4126.160109697122
2025-07-09T13:17:36.058511,TRE-002,255.84534151612672,124.76751382661979,4157.370411129461
2025-07-09T13:19:49.043993,TRE-001,277.3404877046024,321.3527953587961,4042.7050006388936
2025-07-09T13:13:45.788572,TRE-004,275.70342987534906,138.06401717857742,3999.7712567026365
2025-07-09T13:13:11.810384,TRE-004,272.52045649011774,,
2025-07-09T13:20:36.496991,TRE-001,272.52215216877113,122.43189180009074,3965.098761968141
2025-07-09T13:29:24.729838,TRE-001,277.1820690539934,141.38779722494658,4070.894626378408
2025-07-09T13:08:44.902527,TRE-002,259.11361144546584,122.25876269473524,4166.187392720035
2025-07-09T13:33:34.696518,TRE-001,276.88160108005434,122.90574864197305,4058.919571054719
2025-07-09T13:31:34.292827,TRE-005,274.4297856116013,130.56773560366207,4058.9020746106244
2025-07-09T13:41:17.022123,TRE-004,265.75161407434115,139.91651851940094,4172.402970118621
2025-07-09T13:37:50.278223,TRE-003,278.34349292652115,133.47924245857558,4091.714231761261
2025-07-09T13:59:12.142674,TRE-003,284.7899883255101,131.9427185242279,4131.0108675500005
2025-07-09T13:52:58.192933,TRE-003,300.9057039332584,142.4624556221752,4030.737788308806
2025-07-09T13:18:22.308042,TRE-003,288.75320040035456,139.50053508227805,4131.981097246903
2025-07-09T13:13:33.223504,TRE-003,284.599004173775,128.4757937084407,4049.094511863136
2025-07-09T13:44:44.198304,TRE-001,296.5859995113521,134.59694462085673,4031.6422102207885
2025-07-09T13:25:50.933333,TRE-005,274.1743012395148,128.21292948139896,4127.036118581616
2025-07-09T13:19:49.459792,TRE-003,301.88690328378385,138.8287334930656,4063.9147375321077
2025-07-09T13:56:50.427671,TRE-005,278.02490271226105,139.71858118764717,4025.4216796050937
2025-07-09T14:10:06.259417,TRE-001,280.85712233064027,119.66772237878509,4004.9930998253108
2025-07-09T13:41:57.645607,TRE-003,299.14277046047397,145.27588978600588,4070.516783210885
2025-07-09T13:33:32.256721,TRE-004,283.4894578192326,129.4450567951251,4161.776289474455
2025-07-09T13:14:28.924929,TRE-005,280.51876289165574,126.96977813657873,4104.090814590442
2025-07-09T13:56:12.629735,TRE-002,264.6456178489175,111.25428061960471,4076.0774158962463
2025-07-09T13:15:59.362857,TRE-003,,138.48996158068303,4042.681359067455
2025-07-09T13:32:47.754607,TRE-005,274.1535766059652,136.06438842222485,4084.79602156577
2025-07-09T13:20:39.108866,TRE-002,267.41256282762686,119.4756318755008,4112.5440828680275
2025-07-09T13:15:38.100574,TRE-002,257.7078928603646,109.75616171693183,4038.786181411624
2025-07-09T13:49:07.120352,TRE-001,279.13951727429685,137.4232979405887,4073.875713860101
2025-07-09T13:16:43.081378,TRE-002,271.79745562488483,121.5534157284239,4200.577064285666
2025-07-09T13:14:30.360204,TRE-001,752.0889455813393,144.5921832132494,4021.7172174633943
2025-07-09T13:46:11.329716,TRE-003,286.9370639987253,371.2645457944942,4048.378046063256
2025-07-09T13:42:17.810867,TRE-002,241.7558985265419,124.48847158619988,4123.398484613119
2025-07-09T13:52:58.518944,TRE-005,272.9326389565865,145.66322745374967,4062.768118574456
2025-07-09T13:13:54.104679,TRE-001,96.82847503214933,145.33442670133786,3976.7590446548966
2025-07-09T13:32:34.568043,TRE-001,281.17063451340925,131.57428450130345,4040.653786220535
2025-07-09T13:11:04.595312,TRE-004,260.79046337617564,134.8434615593647,4135.176132748736
2025-07-09T13:48:35.398908,TRE-002,250.29032708923293,143.37691480326004,9161.829193149637
2025-07-09T13:32:00.451914,TRE-001,282.3117667547174,144.5774691624401,4168.552877522561
2025-07-09T13:21:08.909946,TRE-002,251.92544303198702,121.63235994935359,4111.686701382531
2025-07-09T13:40:50.934497,TRE-004,257.752743579567,124.39139568157908,4143.871877982751
2025-07-09T13:21:28.330465,TRE-005,293.443341280744,141.0770598147601,4165.00851721253
2025-07-09T13:15:15.440311,TRE-003,300.32058171791414,134.66495249911642,4033.665462043599
2025-07-09T13:24:05.588463,TRE-004,282.8947289061082,115.00196408510841,4109.803015399213
2025-07-09T13:46:39.868922,TRE-003,304.93697503592176,153.94051290733532,4037.208900960406
2025-07-09T14:08:36.362269,TRE-001,288.97779653859527,146.11420510979636,4042.650190400953
2025-07-09T13:23:25.834463,TRE-003,286.73503219149706,118.77458421560421,4029.602130385109
2025-07-09T13:29:38.513389,TRE-001,280.3746102171371,127.97119476987949,4060.5841843364046
2025-07-09T13:29:24.878185,TRE-001,286.1049762402051,125.7009218499107,3990.12141587986
2025-07-09T13:28:52.246307,TRE-005,269.8119949993137,146.7443379561663,4008.595664517652
2025-07-09T13:21:04.241158,TRE-004,281.3347111849376,132.37991903757916,4117.216855417563
2025-07-09T13:31:22.317499,TRE-005,290.68494642192024,133.29545019333565,4131.160083793648
2025-07-09T13:26:14.246101,TRE-001,296.2473554361857,135.33340432916478,4084.583730613168
2025-07-09T13:17:11.522712,TRE-002,255.70073011261928,122.24962260903386,4205.334541748191
2025-07-09T13:44:52.909785,TRE-002,247.99259411620588,110.9700006658631,4163.537993364821
2025-07-09T13:39:03.217937,TRE-004,259.67860371667234,124.66975023003683,4210.969614349419
2025-07-09T13:15:42.224421,TRE-005,,138.2727282005565,4121.367465019004
2025-07-09T13:57:21.382087,TRE-004,286.6809097323827,145.18621499788665,4085.689598793887
2025-07-09T13:34:32.350032,TRE-003,290.8075350222493,126.22594442145103,4083.291689172557
2025-07-09T13:12:20.238754,TRE-002,257.20480616535104,140.83245864604984,4106.544092347856
2025-07-09T13:31:11.353003,TRE-002,265.0952431116768,122.74659560822617,4220.233451813021
2025-07-09T13:16:24.864600,TRE-003,276.86778522657585,142.74813201896615,4049.162628050614
2025-07-09T13:13:39.372258,TRE-004,279.79495349049716,141.61635259887532,4176.453029472904
2025-07-09T13:22:12.410264,TRE-005,277.7988763228216,137.12286272380072,4074.3947583686595
2025-07-09T13:16:38.920071,TRE-003,307.08806703473715,146.0280734594013,3946.4428162871186
2025-07-09T13:55:36.660172,TRE-005,252.33595932740283,117.17523879800646,4019.0908079188775
2025-07-09T13:51:38.515938,TRE-002,252.38277849925632,142.19294574010803,4107.989254182305
2025-07-09T13:39:22.351754,TRE-001,266.06674960148854,144.22155789383459,4032.7243161815036
2025-07-09T13:39:09.207690,TRE-005,270.89917760016266,139.21443050046338,4057.095248520417
2025-07-09T13:37:22.532076,TRE-003,305.2257686786263,151.98266535653752,3993.7431850561125
2025-07-09T13:44:21.702727,TRE-005,,,4107.103251735623
2025-07-09T13:15:05.251143,TRE-001,300.36365809518867,140.5929417962855,4084.3532657769533
2025-07-09T14:23:12.716777,TRE-003,286.5121369470599,141.15100957227844,4076.4782109157677
2025-07-09T13:31:26.133054,TRE-001,281.694426413671,132.37389910528066,4012.8561614240107
2025-07-09T13:44:09.574161,TRE-003,301.2161235265499,158.8638347655826,4059.010234905817
2025-07-09T13:28:52.065655,TRE-001,305.1555075513235,133.6822244669961,4042.179127786438
2025-07-09T13:28:49.967846,TRE-002,265.2497937521583,124.57963742109962,4198.068466693211
2025-07-09T13:11:16.154070,TRE-004,282.24928542380724,132.20153397703652,4162.590605498062
2025-07-09T13:12:12.490508,TRE-004,261.721758793839,135.15588721815186,4102.147117401735
2025-07-09T13:28:12.127517,TRE-001,289.499466463647,148.10129429411785,4086.2453160619607
2025-07-09T13:58:51.015281,TRE-005,275.64128106487556,135.34091630944746,4010.218265706943
2025-07-09T13:30:10.496638,TRE-001,288.1372891024507,130.0511838697168,4076.887031652381
2025-07-09T13:21:56.612117,TRE-005,271.9382218208106,125.25842871379582,4137.591049072189
2025-07-09T13:21:05.088772,TRE-005,296.00281049409347,144.59272208871562,4161.360255204429
2025-07-09T13:20:53.205570,TRE-002,265.46175233751643,132.0038951758426,4165.484733880378
2025-07-09T13:31:08.557799,TRE-003,288.7236741969812,155.15524989420646,4032.120980008103
2025-07-09T13:09:24.781379,TRE-004,285.6439321137739,493.8683015946483,4175.175190333898
2025-07-09T13:14:38.975160,TRE-003,312.5684087365071,141.46520398265386,4110.161797880747
2025-07-09T13:14:28.598248,TRE-003,287.7188403318617,130.53597090202473,4097.143245423534
2025-07-09T13:22:29.056405,TRE-002,273.9743868384804,121.55663304072056,4184.004249938712
2025-07-09T14:01:08.973009,TRE-003,284.390006197415,140.04771194516837,4125.273223250132
2025-07-09T14:25:04.323773,TRE-004,290.08612458196455,119.00239589467147,4111.658291110451
2025-07-09T13:32:49.862028,TRE-004,276.1187798721911,119.95590444651826,4169.369975069614
2025-07-09T13:11:47.175081,TRE-002,256.50493791016135,125.51490683379708,4199.831466354656
2025-07-09T13:59:22.708483,TRE-002,267.0580839139275,117.22506384517061,4102.387658994302
2025-07-09T13:55:11.472006,TRE-001,276.29138930086515,148.75324123421524,4030.0478710039506
2025-07-09T13:25:44.899091,TRE-001,286.7878512324347,131.08519618729065,4100.97217274912
2025-07-09T13:13:03.072968,TRE-001,286.6935730314849,142.48341482449385,4074.6693712702668
2025-07-09T13:31:15.424212,TRE-005,279.56470192218245,146.32863487241318,4009.654152721516
2025-07-09T13:25:02.979168,TRE-005,253.00885060010455,139.81859574851933,3989.8001138604463
2025-07-09T13:14:49.770966,TRE-001,296.24299161957106,143.23361868640012,4020.8518394392736
2025-07-09T13:33:29.983222,TRE-004,286.5721213721162,131.43930045178368,4105.6789102221
2025-07-09T13:20:10.096300,TRE-001,284.4034458060417,150.0781909440157,4015.753919727641
2025-07-09T13:13:15.727455,TRE-004,273.6692355734315,138.4566048821646,4071.0746912346035
2025-07-09T13:58:28.889835,TRE-002,251.8705289686011,126.97466304477128,4214.922854742047
2025-07-09T13:25:40.686623,TRE-002,254.61162707703986,121.70962092052382,4240.603008959739
2025-07-09T13:13:12.829836,TRE-004,302.4087815509897,143.0921586732688,4114.085218868731
2025-07-09T13:56:18.812773,TRE-003,290.3230299828864,135.45280876430095,4067.391144267699
2025-07-09T13:19:59.447728,TRE-001,289.17562382944465,144.8545018951932,4024.4926200400446
2025-07-09T13:23:26.536408,TRE-004,286.88287924611194,138.02996820418232,4099.174594193064
2025-07-09T13:34:07.898942,TRE-004,281.36055161214347,113.49206781984807,4112.721409932694
2025-07-09T14:05:20.375754,TRE-004,270.16521521302343,129.82625567221996,3954.2180241901374
2025-07-09T13:45:01.342409,TRE-001,272.35525987380197,141.9339435734278,4072.7689601139823
2025-07-09T13:41:11.343712,TRE-005,275.2793195032537,393.090651994466,4104.306023984327
2025-07-09T13:17:15.882081,TRE-005,273.6481575257529,133.30102047397384,3922.6557294376175
2025-07-09T13:34:58.193322,TRE-003,289.9847879581661,139.45045274749285,4015.691326177625
2025-07-09T14:15:19.607263,TRE-003,278.54721030512843,149.13252442689821,4160.710059642342
2025-07-09T13:08:55.035355,TRE-001,273.9263019223745,150.80107698643292,4110.781303905314
2025-07-09T13:09:47.092212,TRE-004,274.0584180859156,127.22605466629389,4129.869976035529
2025-07-09T13:20:28.369183,TRE-004,279.1552983989016,150.35248419233497,4213.531033344723
2025-07-09T13:38:03.675637,TRE-005,262.7196751411375,142.6546894797333,4086.4585939903554
2025-07-09T14:07:15.882741,TRE-001,288.75891000628474,136.7904580030754,8843.443464339816
2025-07-09T13:22:52.012324,TRE-005,277.94785638854387,121.9570732295916,4085.612179753601
2025-07-09T13:15:25.333973,TRE-003,288.4215891218686,127.519794170585,4031.027038571327
2025-07-09T13:46:46.782531,TRE-003,,122.99828105559136,4138.663503766702
2025-07-09T13:13:46.556082,TRE-001,275.61061649797955,137.18136205334218,4037.067410830841
2025-07-09T13:43:36.481149,TRE-005,276.6995168304535,121.40408922147263,4132.132673229557
2025-07-09T13:24:55.422920,TRE-002,272.55941822663374,130.55768505402884,4115.001863405983
2025-07-09T13:08:32.099772,TRE-003,304.2292453062413,144.21664254938466,4083.714626210219
2025-07-09T13:09:58.592288,TRE-003,293.72477506459745,,4037.0137215541813
2025-07-09T13:48:59.064388,TRE-005,279.5479117623307,124.03442254956776,4135.155329371906
2025-07-09T13:30:46.894011,TRE-005,251.3223101062274,145.78574027830567,4147.956027513422
2025-07-09T13:38:17.172179,TRE-003,280.0172205314584,139.6006987714603,4015.4261249843225
2025-07-09T13:43:45.841959,TRE-003,282.5323777318202,143.0791698876519,4118.18635655372
2025-07-09T13:40:13.315527,TRE-002,256.05017624561236,116.84079739800275,4154.323659054721
2025-07-09T13:27:29.864664,TRE-005,279.2028541583937,141.00783266319502,4111.371230821027
2025-07-09T13:52:41.108823,TRE-004,262.67313999739275,142.94468353511186,4138.340300736693
2025-07-09T13:56:46.753564,TRE-005,280.58294818279103,130.740994657246,4108.101409466909
2025-07-09T13:28:03.601178,TRE-002,243.1767042383094,130.81916916077984,4171.3064520024345
2025-07-09T13:21:14.318759,TRE-004,281.1476340846209,116.98875318350694,4134.429444558698
2025-07-09T13:59:59.278224,TRE-003,280.29785586065435,143.6239958350146,3957.9698855400134
2025-07-09T13:27:59.663444,TRE-003,284.93247069741886,144.06226713135263,4108.56917938718
2025-07-09T14:01:17.208786,TRE-004,274.34429941414095,143.6300268816042,4101.330018114618
2025-07-09T13:17:23.455714,TRE-001,282.190404335551,140.9869956027545,4004.687600102523
2025-07-09T13:45:32.073163,TRE-002,255.5862758855541,128.3318111017177,4113.53829857611
2025-07-09T13:56:04.349886,TRE-001,272.7703864424053,149.14628786083796,4080.244580413255
2025-07-09T13:58:54.679855,TRE-003,287.7876106806086,136.3501920093782,4047.8768161847347
2025-07-09T13:10:18.184252,TRE-005,280.180956722744,136.01931529220977,4041.463129558762
2025-07-09T13:54:57.422153,TRE-002,269.6198036805406,134.91457671538393,4128.516373546921
2025-07-09T13:30:21.271107,TRE-001,263.37701615843923,130.91437110300896,4160.290657870358
2025-07-09T13:45:36.741035,TRE-002,270.4050988729983,129.214556801072,4239.028499299453
2025-07-09T13:25:50.725507,TRE-002,281.1154748274376,117.98902250567153,3999.7691108963345
2025-07-09T13:34:36.622325,TRE-001,265.8877155743744,141.06268808353937,4109.509328840087
2025-07-09T13:31:35.049810,TRE-005,263.4575702385155,129.35444960104164,4125.042378053921
2025-07-09T13:38:54.649465,TRE-002,265.09920731528115,116.46776682193992,4138.009470568237
2025-07-09T13:32:17.506705,TRE-001,286.8739912954274,136.42026683991773,4167.381433354148
2025-07-09T13:11:29.110055,TRE-004,253.27225203631704,132.1378302340271,4107.254402086797
2025-07-09T13:18:04.036024,TRE-001,278.76646110719764,134.49382008207527,4073.5317498379554
2025-07-09T14:11:07.035479,TRE-003,289.87973399247517,149.01038848113495,4054.5835419605132
2025-07-09T13:13:13.176176,TRE-002,240.81483686146882,138.64472306836788,4177.139264754828
2025-07-09T13:26:38.676688,TRE-004,273.26369172839685,142.7723936998762,4079.0278421626804
2025-07-09T13:17:40.817548,TRE-003,292.142725798449,141.0121903771781,3984.2501618078136
2025-07-09T13:23:13.925899,TRE-004,270.7109074049285,118.17305456806056,4080.3836631544905
2025-07-09T13:14:57.820895,TRE-002,256.92831836862945,121.77498793857701,4226.139962878038
2025-07-09T13:57:56.124839,TRE-003,299.3681625303055,129.50537189692807,4095.1216764810088
2025-07-09T13:15:05.529928,TRE-004,262.5503842496451,146.60660214494837,4105.6314916917845
2025-07-09T13:12:54.736766,TRE-005,293.871563647199,144.42512851658321,4226.4739428122175
2025-07-09T13:12:10.076279,TRE-003,286.778777403183,144.70917323768157,4086.80977201058
2025-07-09T13:24:59.125737,TRE-004,,,4075.9198277290275
2025-07-09T13:48:08.051698,TRE-001,291.20399747805726,127.28324256855706,4035.7932350426577
2025-07-09T14:23:38.583652,TRE-002,269.9368626492267,116.27389472350549,4096.35411990818
2025-07-09T14:07:36.515895,TRE-005,278.6650255511025,137.19212616566665,4011.8416101715807
2025-07-09T14:03:14.099222,TRE-002,246.30656625153517,113.35139742520592,4143.310401971825
2025-07-09T13:11:39.215161,TRE-005,268.00600890903263,129.74497055654697,4075.210246772406
2025-07-09T13:17:14.273399,TRE-004,259.5102220217498,140.1756097862982,4157.615589331855
2025-07-09T13:20:09.525408,TRE-001,280.3255702040046,,4063.8998775368473
2025-07-09T14:00:09.761819,TRE-005,283.67077565722235,145.284495757469,4101.899882189316
2025-07-09T14:06:26.270972,TRE-001,289.28714309512236,136.56997821734979,4069.445227691573
2025-07-09T13:17:07.610053,TRE-001,274.44857937157883,134.68701876345665,4005.7258791622053
2025-07-09T13:13:43.232176,TRE-004,270.779252788792,129.82422328915993,4081.844687098973
2025-07-09T13:08:52.149340,TRE-004,270.81179714533516,137.83029514910743,4137.211264029977
2025-07-09T13:26:31.267495,TRE-005,265.6882318402381,137.45528462103627,4092.9551739545113
2025-07-09T14:04:23.717416,TRE-005,279.6400219368752,141.3526758782703,4077.1780680714087
2025-07-09T13:11:03.641523,TRE-001,295.66319803647724,138.5692769804411,4098.82599375375
2025-07-09T13:13:56.594138,TRE-003,297.23692571339274,138.55797643596196,3980.54874290665
2025-07-09T14:01:10.571507,TRE-002,260.5767980826725,128.56513469197228,4107.335118739488
2025-07-09T14:12:02.937115,TRE-004,269.15657159077705,131.62796041294843,4050.2007051659466
2025-07-09T13:39:19.537150,TRE-005,287.47985703788197,121.68431477198482,4079.1004272316536
2025-07-09T14:15:51.285917,TRE-005,,,4077.046154429037
2025-07-09T13:20:48.320700,TRE-003,286.32330645895684,140.73389080435936,4009.200901552513
2025-07-09T13:32:44.199826,TRE-003,285.8520645114529,131.95034296786508,3982.168678044006
2025-07-09T13:11:14.453951,TRE-002,254.7090245773487,127.07263055759091,4175.937556069893
2025-07-09T13:35:12.312764,TRE-005,276.5645585866889,145.2982084946612,4030.122547671217
2025-07-09T14:00:03.594521,TRE-002,275.19273031420636,123.78910692574765,4170.480099530114
2025-07-09T13:13:59.891570,TRE-005,286.78351554988734,128.78821662254637,4150.692574701532
2025-07-09T14:12:07.033621,TRE-001,266.19295551021696,130.41477023542615,4072.4235964590475
2025-07-09T13:22:06.519899,TRE-003,281.80062488723115,134.51422447445862,4012.497396897499
2025-07-09T13:24:20.531185,TRE-004,288.3194498092908,135.96575944553172,4109.167058898951
2025-07-09T13:38:13.061178,TRE-001,278.5257336998008,134.22266602132464,4046.2191765025104
2025-07-09T13:57:45.303033,TRE-001,275.12992781860555,127.134832388603,4027.537772367805
2025-07-09T13:55:07.811989,TRE-005,40.3116658238501,138.06134939566832,4142.994256646308
2025-07-09T13:09:00.002766,TRE-001,292.44313052806336,129.84577512531547,4129.627556694665
2025-07-09T13:35:45.427699,TRE-002,273.26215050269553,120.60512314718723,4194.99300900999
2025-07-09T13:35:04.485861,TRE-003,282.33817348900806,142.22799899850364,4011.5576406113432
2025-07-09T13:52:39.743352,TRE-001,285.80949439098845,133.12296438823222,4054.5096912296167
2025-07-09T13:18:38.379003,TRE-003,271.4818220598067,139.59224769765856,4086.2465337522076
2025-07-09T13:33:12.409425,TRE-002,267.6373765908755,123.62402938959323,4190.966673501298
2025-07-09T13:18:23.899940,TRE-004,287.8260841848671,138.1869712829012,4058.5005137914804
2025-07-09T13:44:07.295154,TRE-004,268.43340124594624,123.04439935411942,4034.567531204301
2025-07-09T13:33:13.907182,TRE-002,,105.77127229569334,
2025-07-09T13:36:02.964930,TRE-002,272.6152076260492,129.78577017337935,4206.143146385052
2025-07-09T13:44:19.094747,TRE-005,271.5412888908082,141.9568655642186,4076.419110284053
2025-07-09T14:00:07.048786,TRE-004,269.38160874759785,127.52533729673586,4103.006592617115
2025-07-09T13:10:47.288723,TRE-002,283.17515174620297,110.06642142497572,-103.82803622769899
2025-07-09T13:21:34.016510,TRE-001,291.5203108213939,130.0475670102224,4185.3150204230715
2025-07-09T13:51:56.988648,TRE-005,286.3032864698499,142.2517612079008,4023.7136680505746
2025-07-09T13:16:26.110119,TRE-004,273.741015080968,131.9707978764994,4121.08546864693
2025-07-09T13:12:28.278391,TRE-005,289.81105656880675,130.5140287489443,4153.810104195741
2025-07-09T13:50:25.720677,TRE-005,274.5007314420624,133.1059751610694,4174.183770468843
2025-07-09T13:40:41.597688,TRE-002,282.6522741570112,128.32209472059495,4086.413895401881
2025-07-09T13:31:51.483507,TRE-001,271.6073483513249,148.79860027003693,4032.4275697626367
2025-07-09T13:09:12.299075,TRE-005,277.8335539727836,136.67444627067675,4127.633521795184
2025-07-09T13:54:58.934908,TRE-005,264.12198070380197,134.368907590111,4121.454073261007
2025-07-09T13:29:10.002549,TRE-002,249.06736361981453,121.74362988174681,4070.751138165208
2025-07-09T13:13:58.475172,TRE-003,288.7377037245041,142.9674441487059,4018.3600363157216
2025-07-09T13:30:23.475823,TRE-005,288.7903414094815,152.2069817407162,4115.431262314626
2025-07-09T14:08:44.963634,TRE-005,271.87453616541933,129.73860799456028,4086.695776598484
2025-07-09T13:34:59.164537,TRE-001,275.7484600716091,134.20392085003633,4040.0735384090935
2025-07-09T13:15:27.854340,TRE-001,277.31657223660267,143.93618124759644,4137.193786700348
2025-07-09T13:19:37.921264,TRE-005,269.8240234171049,138.03453374706135,4108.168243238756
2025-07-09T14:13:43.073863,TRE-001,283.9801129081152,142.40359639223206,4065.2383768232785
2025-07-09T13:40:54.849189,TRE-005,277.886577623239,118.19100614961668,4167.539985270306
2025-07-09T13:45:31.884952,TRE-002,264.0422670148044,126.05325675018676,4173.478437854771
2025-07-09T13:53:52.866621,TRE-005,281.29469952534276,132.67733399317734,4117.834491693361
2025-07-09T13:19:19.572489,TRE-002,240.05993752906332,118.75256790078012,4096.115647095756
2025-07-09T14:07:10.913205,TRE-004,277.3383291779466,130.56848201585595,4129.609509664993
2025-07-09T13:49:49.672583,TRE-004,261.028017611783,127.41022137879375,4100.734351066862
2025-07-09T13:37:33.764872,TRE-003,287.05746859418434,143.29721580953483,3972.70225648334
2025-07-09T13:15:28.788815,TRE-001,275.087918002362,127.45395927638238,4113.024891279802
2025-07-09T14:08:40.314452,TRE-004,260.4258698286536,119.388829429576,4132.888504687171
2025-07-09T13:33:25.124114,TRE-004,264.12204386642304,117.77751829680015,4147.315392775975
2025-07-09T13:28:32.480724,TRE-001,290.00425654658204,145.94023711622438,4197.2067912614775
2025-07-09T13:16:10.669578,TRE-002,248.30979149181215,119.98431905209145,4171.906071897438
2025-07-09T13:27:07.605690,TRE-004,269.4573951011851,124.56259655368433,4104.19471255419
2025-07-09T13:13:45.732795,TRE-003,306.9534461995042,147.01777841303056,4096.228538582935
2025-07-09T13:15:21.966641,TRE-004,283.5656745688127,133.54086234515506,4137.046023684827
2025-07-09T13:13:51.592673,TRE-004,272.7289456999614,142.22458576088985,4111.339375641143
2025-07-09T13:48:31.749986,TRE-003,280.6888836215628,141.81264329312373,4104.240341732148
2025-07-09T13:14:42.740030,TRE-002,240.64723102695174,130.1715779669956,4246.222740407255
2025-07-09T13:40:47.031237,TRE-003,278.2310124931512,140.18721175604776,4054.76703267841
2025-07-09T13:28:24.144159,TRE-004,280.20540922231345,125.6545021728337,4148.67225271397
2025-07-09T13:12:48.285844,TRE-004,272.7578469788493,136.64587872490773,4091.673706544274
2025-07-09T13:41:31.228401,TRE-004,263.1088468493357,130.2883113748851,4222.556140783523
2025-07-09T13:28:35.874547,TRE-004,260.4151319194004,126.96288636930383,4091.6613801084964
2025-07-09T13:31:29.084789,TRE-004,267.06650072032363,133.42249644571078,4147.605098561339
2025-07-09T13:14:37.749162,TRE-002,253.37915240647192,133.66591272321017,4188.325332822236
2025-07-09T13:15:25.568910,TRE-002,266.8572348658575,157.60874453235962,4116.154147326289
2025-07-09T13:29:44.246023,TRE-005,266.71381275171456,137.21999298737245,4180.355416369354
2025-07-09T13:13:58.212751,TRE-003,289.5686203800837,148.35538166625602,4001.844858378291
2025-07-09T13:14:57.511522,TRE-005,286.7675520441801,132.2586907549194,4104.908367846749
2025-07-09T13:09:37.632383,TRE-004,261.4342890933829,122.29287204846673,4145.133447041234
2025-07-09T13:45:01.694849,TRE-001,286.1700587199137,138.8015232537346,4079.4309126882863
2025-07-09T14:07:13.601517,TRE-003,287.479362071946,144.45999255675414,4026.188220554014
2025-07-09T14:01:17.802858,TRE-004,276.6196050006815,131.5960360837425,4088.262970011583
2025-07-09T13:52:49.556135,TRE-003,295.6451278424213,141.2575749480665,3991.9257831215455
2025-07-09T13:58:59.209936,TRE-004,283.31414085540973,129.1837709857144,4084.479697020922
2025-07-09T13:24:37.591100,TRE-001,284.2897444503055,137.71818484790802,4053.6723490743466
2025-07-09T13:40:15.803287,TRE-004,280.48900474568575,130.4363026245124,4119.688607136929
2025-07-09T13:16:31.155346,TRE-002,264.39403688874967,111.65318184008767,4083.395889895647
2025-07-09T13:38:23.642997,TRE-002,277.1786661555158,129.4559714244724,4062.9969108163054
2025-07-09T13:32:45.948859,TRE-005,288.50738122296514,136.95416717298951,4063.675982485339
2025-07-09T13:30:29.855277,TRE-004,276.2801043973347,126.80789064847059,4053.7779792356077
2025-07-09T13:44:21.476635,TRE-002,276.787703442537,111.52674922455674,4120.846415556375
2025-07-09T13:17:55.909452,TRE-002,271.8346820082847,121.20243241200423,4106.107482831966
2025-07-09T14:03:36.504108,TRE-005,269.6562912000041,135.96517162687852,3998.023065700525
2025-07-09T14:15:14.360269,TRE-002,265.3590152992343,121.44132889473853,4228.160105558976
2025-07-09T13:38:07.114466,TRE-004,272.9216704157775,120.62315131804992,4139.046381507713
2025-07-09T13:58:20.136487,TRE-001,283.7594023670291,146.03511010045634,4197.450075606935
2025-07-09T13:16:25.583478,TRE-004,261.0344189861715,136.36943416033407,4115.290047786175
2025-07-09T14:26:32.856489,TRE-001,273.01253856001387,0.1,4067.344467998299
2025-07-09T14:02:23.298488,TRE-003,289.4694174607886,140.8679813590191,4092.6361165691083
2025-07-09T13:32:43.477891,TRE-001,277.98741678767374,140.9034563625695,4173.309596108613
2025-07-09T13:18:52.344675,TRE-002,262.75633084693703,127.57129441630731,4127.810631091681
2025-07-09T14:25:02.817532,TRE-001,279.8991426715879,140.60392203249143,4051.826750170745
2025-07-09T13:43:00.724554,TRE-002,258.40324774113395,132.4243138002926,4085.535450193485
2025-07-09T13:09:17.537700,TRE-005,277.29530054724404,138.99978142460387,4143.230659072901
2025-07-09T13:12:00.415813,TRE-002,250.89979895165624,,4150.151049737706
2025-07-09T13:18:41.931022,TRE-005,278.7868426981255,136.10769436754387,4102.032097705419
2025-07-09T13:19:16.727839,TRE-005,285.66573202152875,126.09067679965119,4100.8948836973
2025-07-09T13:19:54.436602,TRE-002,259.17102284161547,136.64743613482128,4230.227864664949
2025-07-09T13:58:00.214797,TRE-003,278.7963286154478,374.2872373663925,4127.155122152903
2025-07-09T13:25:27.161817,TRE-004,278.08033631943437,132.07522984385776,4125.244640348999
2025-07-09T13:50:03.105678,TRE-003,271.82415629083584,144.33514554138944,4105.211789884939
2025-07-09T13:16:24.552823,TRE-005,280.6164387980521,134.23220422420616,4052.481159837408
2025-07-09T13:18:11.887949,TRE-004,919.6377797285879,138.46895473424863,4114.167727708634
2025-07-09T13:35:30.609315,TRE-004,,,3999.7327267189426
2025-07-09T14:00:47.667096,TRE-002,275.56558334081825,126.86448051844738,4147.781530319991
2025-07-09T13:25:35.666151,TRE-004,278.610414061042,134.55344649753732,4112.164249247205
2025-07-09T13:18:08.495375,TRE-005,289.7798765343591,127.1006837853917,4043.7003071804993
2025-07-09T13:40:10.555657,TRE-003,306.0452550640338,147.32597740565103,4016.8818412035307
2025-07-09T13:17:22.328066,TRE-004,282.88917576918084,140.34794945661568,4110.385350122589
2025-07-09T13:10:04.903114,TRE-005,274.47715659003467,135.9987142369032,4078.764088396039
2025-07-09T13:52:03.876694,TRE-002,277.0756003282079,125.78262395192064,4174.851247471521
2025-07-09T13:34:41.010293,TRE-002,262.1468100836495,139.6068491694212,4173.024518723451
2025-07-09T13:43:09.983877,TRE-003,285.840315251892,130.2307237214299,3975.1084245894835
2025-07-09T13:24:29.816725,TRE-003,276.74021326559887,139.48866133691442,4061.82237210591
2025-07-09T13:15:25.285286,TRE-002,254.7626553600986,134.61851017819936,4146.716208654038
2025-07-09T13:27:38.218121,TRE-005,267.051747624751,133.76653469313823,4050.515673973528
2025-07-09T14:12:36.024115,TRE-002,284.96601903377035,113.62691386741908,4261.314322490207
2025-07-09T13:25:33.805273,TRE-002,264.4677489924201,122.45360713750411,4202.733559716173
2025-07-09T13:40:19.432583,TRE-005,269.5662840069893,130.67511264550248,4130.872420470537
2025-07-09T13:17:43.344496,TRE-005,282.15877012850456,129.64803800700275,4101.128856919281
2025-07-09T13:19:32.112564,TRE-002,263.938087098025,122.20363799445134,4196.550584964574
2025-07-09T13:16:35.015248,TRE-004,262.9774076103696,132.46398706273345,4100.131984704883
2025-07-09T13:53:46.809009,TRE-002,,122.38381686054282,4148.817547022965
2025-07-09T13:34:23.951351,TRE-004,275.5394599300746,130.02684024939114,4148.198876603601
2025-07-09T13:33:12.096715,TRE-004,254.5999866763652,136.93217015847418,4048.85830654184
2025-07-09T13:41:46.669974,TRE-001,270.6820503961247,136.02841657947877,4085.552583104044
2025-07-09T13:35:50.787356,TRE-005,282.08591562281936,146.00171709711083,4075.6983170261165
2025-07-09T13:18:08.615161,TRE-002,269.0650601431817,134.65253086496986,4116.706489809576
2025-07-09T13:15:44.560616,TRE-002,254.2183152976223,125.10530119001135,4125.3062624429185
2025-07-09T13:19:38.492501,TRE-003,272.46774434159715,140.10047193700206,4081.0090519012706
2025-07-09T13:08:58.320548,TRE-002,257.5175496154856,131.09604543185768,4179.311314724438
2025-07-09T13:15:21.448001,TRE-004,269.15584057799185,144.95013199802128,4147.0076090754255
2025-07-09T13:14:28.027272,TRE-003,279.4877345485508,143.25927991494055,3974.1483622992982
2025-07-09T13:14:19.398298,TRE-003,268.28899085134873,139.52713328903465,4212.082689040749
2025-07-09T13:17:06.536225,TRE-004,279.6954251543768,137.27459924840744,4113.606843718019
2025-07-09T13:09:12.900561,TRE-001,284.4290976652532,139.81032631845716,4030.1280874153936
2025-07-09T13:39:42.932530,TRE-003,,,4207.276927730797
2025-07-09T13:37:17.750611,TRE-003,295.6479593573754,151.06371465471295,4050.3466216122647
2025-07-09T13:15:16.031014,TRE-001,281.7718449403001,137.76961230967242,4086.564931935075
2025-07-09T13:45:34.786593,TRE-001,300.46069920483063,137.8141604664801,4148.158270355737
2025-07-09T13:22:53.246469,TRE-005,302.85710821208426,133.4342814248957,4122.41497637982
2025-07-09T13:39:53.019308,TRE-004,281.0905404793946,121.51869390970319,4187.2584919336805
2025-07-09T14:19:10.720571,TRE-002,266.62990111891617,120.84292269941257,4202.346079018506
2025-07-09T13:18:02.784845,TRE-001,275.71145123313744,137.6780067476648,3957.6303517340807
2025-07-09T13:56:39.865517,TRE-003,291.19238416807013,140.38167031348354,4159.065278978837
2025-07-09T13:37:43.779510,TRE-002,264.5679479076459,132.5018357974004,4149.424190187977
2025-07-09T13:23:28.215595,TRE-002,257.365912839549,126.04676776754643,4138.182999481716
2025-07-09T13:32:33.949993,TRE-002,273.10419050371104,126.34186986148318,4156.485655446692
2025-07-09T13:56:58.076778,TRE-002,285.3891509941299,115.36727674569661,4234.124499238803
2025-07-09T13:23:32.495755,TRE-001,292.735227924767,139.01015488037646,4070.5586902916484
2025-07-09T13:42:10.185780,TRE-004,272.17410577466535,141.24859963238293,4041.862536438943
2025-07-09T13:16:44.249202,TRE-001,283.2243561334636,134.37599683547973,4186.802313143789
2025-07-09T13:50:57.417410,TRE-002,255.54887632929612,119.26120866693998,4239.154131839449
2025-07-09T13:52:05.726835,TRE-002,255.84843953248733,121.31151596876006,4106.689922343556
2025-07-09T13:41:28.944043,TRE-002,262.44064162694406,123.20026255488342,4121.245774614883
2025-07-09T13:28:15.762795,TRE-003,290.938623583129,150.95307888830408,4025.846954281612
2025-07-09T13:37:58.053299,TRE-002,258.9861979539713,141.83478460533874,4186.941145688231
2025-07-09T13:45:13.062469,TRE-001,274.68969488730227,138.12938391145653,4099.2269502380195
2025-07-09T13:30:23.183427,TRE-005,274.56514350924886,0.1,4172.129151290847
2025-07-09T13:47:02.473489,TRE-003,278.09842059992405,141.15685747227397,4051.5594165197094
2025-07-09T13:12:19.391977,TRE-002,266.0544165036461,135.5865958738456,4081.920555466145
2025-07-09T13:14:41.363083,TRE-003,286.5422774273746,144.1293647248688,4108.501564200841
2025-07-09T13:22:28.503979,TRE-003,295.66433162067443,,4040.6321131721
2025-07-09T13:31:02.728105,TRE-005,290.0012024901564,133.34569514373587,4072.363284430729
2025-07-09T13:15:52.416623,TRE-004,275.4587528995632,133.1461936830955,4107.500038275497
2025-07-09T13:08:25.287423,TRE-004,,,4150.20443392068
2025-07-09T13:57:31.335777,TRE-003,271.85325398032217,150.30688650389317,4025.575553385053
2025-07-09T13:14:46.417800,TRE-002,258.92534053168225,124.95650960354935,4139.876276996988
2025-07-09T13:29:55.532125,TRE-002,257.3656386346609,117.75931189781431,4164.219650871093
2025-07-09T13:53:38.421574,TRE-004,257.2381304650617,124.78822545339038,4118.569076496067
2025-07-09T13:23:50.984539,TRE-003,287.5709619224168,138.43589223005958,4098.39995711103
2025-07-09T14:11:57.807818,TRE-005,286.08905053337,146.1291808352252,4076.1194198594335
2025-07-09T13:46:17.138800,TRE-005,270.23277415771827,132.92498515237307,4014.24775416943
2025-07-09T13:31:40.476739,TRE-004,271.1330825753109,138.01431360748614,4210.8523178805335
2025-07-09T13:24:17.047433,TRE-005,283.46135032027223,140.67260918897054,4140.869547039292
2025-07-09T14:05:52.889455,TRE-005,293.63665398444385,151.18067486959907,4080.6557465138026
2025-07-09T13:39:08.900923,TRE-005,271.70947155454286,131.3473028323213,4104.596898463447
2025-07-09T13:43:34.253523,TRE-004,275.30077945020486,117.69595409657902,4143.396427802046
2025-07-09T13:16:51.685508,TRE-003,277.32157438426754,140.20278306210128,4137.567097755173
2025-07-09T13:45:39.450641,TRE-001,269.7394882384648,129.0500345587891,4124.095264625057
2025-07-09T13:14:32.838665,TRE-002,258.54990170749176,135.97089975755446,4057.508872743718
2025-07-09T13:18:28.307530,TRE-003,304.3686370467059,148.14560624985393,3989.483745390452
2025-07-09T13:20:30.330891,TRE-002,271.6331234282954,117.21139574392025,4122.817241177453
2025-07-09T13:41:22.299061,TRE-003,269.64842702567347,157.0136819723585,4033.979567171983
2025-07-09T13:10:55.947058,TRE-004,269.9447145798991,122.4539551659157,4036.0461158727426
2025-07-09T13:14:58.738131,TRE-002,248.00491719482037,112.45154429754028,4148.686031830462
2025-07-09T13:36:42.433624,TRE-002,271.6181969478302,124.77128441456908,4184.578250806424
2025-07-09T13:41:05.032207,TRE-001,291.33528876198767,143.43095685131658,4180.761005831984
2025-07-09T13:22:20.188626,TRE-005,285.1908334266541,127.1973755767833,4122.884097141489
2025-07-09T13:15:14.816685,TRE-003,291.104071815314,143.71877986447754,3981.5499329358545
2025-07-09T13:40:08.059878,TRE-004,276.1706285856307,121.03464177554214,4118.639781261859
2025-07-09T13:28:17.686098,TRE-004,279.2018139776662,,4160.380242239624
2025-07-09T13:18:42.729278,TRE-005,281.32774501190744,144.49184836647183,4139.365196449427
2025-07-09T13:19:45.494714,TRE-001,276.1030450632846,135.47496006526362,4095.7613064876214
2025-07-09T13:08:56.851066,TRE-001,287.3558355122466,148.26994530414714,4008.2935199431313
2025-07-09T13:12:04.330265,TRE-003,300.1233459078807,153.09177955793643,-9.525826195411014
2025-07-09T13:38:33.350679,TRE-004,282.8101700947869,133.4305084314617,4172.76747617129
2025-07-09T13:50:24.174831,TRE-005,704.5849273759686,132.48961497571403,4075.4521104842975
2025-07-09T13:21:29.561854,TRE-004,260.7051245433317,117.06336448085374,4092.6416713858243
2025-07-09T13:47:44.234186,TRE-005,274.7182241032605,125.28955605913274,4098.494141854909
2025-07-09T13:10:56.621253,TRE-003,277.9705966656259,147.92832098039958,4010.2752227828164
2025-07-09T14:00:40.271564,TRE-001,283.4620641836102,145.7726377205646,4010.201036381565
2025-07-09T13:09:51.228698,TRE-004,273.5899140215643,,4139.205452516177
2025-07-09T13:53:05.704847,TRE-002,281.2791625740259,135.87707050065026,4198.797503998118
2025-07-09T13:26:17.631456,TRE-003,280.0850914458681,138.57738139903617,4065.172320879504
2025-07-09T13:22:24.843727,TRE-003,290.66349749911177,150.2698229734856,4048.046736031908
2025-07-09T13:14:31.941549,TRE-002,258.94825842141154,129.86865940456164,4227.273954058571
2025-07-09T13:22:44.492330,TRE-003,287.878487729893,143.2119956735323,4052.155406160032
2025-07-09T14:02:55.797998,TRE-004,274.5398551183947,130.1092931029404,4127.542000428722
2025-07-09T13:55:33.433389,TRE-002,256.42462090475414,125.54206033254609,4139.413909483345
2025-07-09T13:30:06.046971,TRE-003,291.1112581061975,147.29521288456988,4054.397530237813
2025-07-09T13:46:35.708527,TRE-004,277.48513977953667,128.82860696257117,4040.514798733797
2025-07-09T13:57:29.543377,TRE-004,263.5415946448093,126.44283073642445,4080.3264931970134
2025-07-09T13:12:10.979329,TRE-002,251.61216370220902,107.62638146689994,4194.726440248697
2025-07-09T13:21:31.499483,TRE-004,263.78713434930074,130.60660719198296,4134.217116819494
2025-07-09T14:12:00.210780,TRE-003,299.57556462687165,144.31233609588546,4019.756283382144
2025-07-09T13:29:03.694047,TRE-004,297.403582172298,141.05991130984907,4057.009820111936
2025-07-09T13:25:24.761014,TRE-003,291.8088782012071,142.24160387866465,3993.164926875295
2025-07-09T13:14:14.133814,TRE-001,294.3774809056242,147.73936222853465,4104.026170722859
2025-07-09T13:43:52.305002,TRE-004,251.46316263590077,129.54448064558923,4183.248364383496
2025-07-09T13:34:04.876554,TRE-003,287.6219275933374,140.974657660428,3893.279685051494
2025-07-09T13:45:43.224128,TRE-003,288.72560863932136,143.12304670559269,4111.936397979493
2025-07-09T13:19:05.568108,TRE-005,292.40703657291346,138.19849878419566,4013.063475434146
2025-07-09T13:19:56.254329,TRE-001,278.78398526472415,,4095.279892602505
2025-07-09T13:50:12.227974,TRE-002,268.7430238497322,330.11921402076683,4090.943326397923
2025-07-09T14:16:34.267143,TRE-002,267.20466734049205,129.38453564632653,4190.438198719963
2025-07-09T13:16:03.194234,TRE-005,263.74170471958934,140.57596202416676,4024.231455875088
2025-07-09T13:25:30.438477,TRE-002,263.4439034717582,119.79513941245423,4242.975583491873
2025-07-09T13:19:14.762685,TRE-003,305.7463880659393,137.93353404210413,4056.1606285084254
2025-07-09T13:58:30.266581,TRE-001,272.62478640564086,142.92191989476157,4143.819671820563
2025-07-09T13:26:16.097637,TRE-001,285.3446239454594,150.49990659190235,4056.7104945326596
2025-07-09T13:16:02.178466,TRE-002,260.2858030517241,127.1058918159397,4177.623009964193
2025-07-09T14:15:22.284568,TRE-002,22.064900808589826,129.94448500160806,4183.886956808238
2025-07-09T13:30:10.000889,TRE-001,266.4099127875386,138.84827095729733,-269.60550206238884
2025-07-09T13:34:34.819851,TRE-001,277.7756905375784,131.64661034333304,3999.972513279026
2025-07-09T13:33:37.850961,TRE-003,305.52500878707644,142.4402152595263,4063.5748326203034
2025-07-09T13:49:46.586392,TRE-005,259.03137794313517,128.25819362215594,4104.213781288441
2025-07-09T13:21:01.557339,TRE-002,267.40193830575225,0.1,4098.568149315316
2025-07-09T13:36:20.198346,TRE-005,274.59617299964975,142.56891761871503,3957.534809043864
2025-07-09T13:28:12.128807,TRE-004,268.4575561030565,138.3592570746152,4071.172319181744
2025-07-09T13:50:36.014432,TRE-003,312.9618053151341,138.16330475406627,9267.809436877866
2025-07-09T13:38:20.251459,TRE-005,289.6245931576074,133.781853505492,4097.157786603629
2025-07-09T13:53:42.735044,TRE-002,249.09517367793086,115.44993775351713,4147.209823082019
2025-07-09T13:47:54.547055,TRE-002,281.92530029264003,110.30090275081692,4189.187357914928
2025-07-09T13:38:06.998956,TRE-003,289.1901772236621,140.10450893009474,4061.952196970714
2025-07-09T13:33:35.987929,TRE-005,283.12078706039665,136.83769880012647,4051.610973561148
2025-07-09T13:41:38.922867,TRE-001,270.41522941584606,144.30148401387154,4110.977610121249
2025-07-09T13:28:13.151652,TRE-001,277.97424759156286,149.8030632972808,4121.300268666315
2025-07-09T13:47:21.495244,TRE-001,276.8831962797214,135.29656739570208,4084.569719393182
2025-07-09T13:32:27.170750,TRE-005,267.28700136973885,137.14030288202628,4184.631077575955
2025-07-09T13:40:25.377890,TRE-002,906.0770531459227,120.48933071313148,4179.824690627421
2025-07-09T14:13:37.085728,TRE-001,291.59501507127004,147.59917544848136,4064.3057506554005
2025-07-09T13:28:28.569500,TRE-001,284.52937003795194,153.23181646573204,4016.4049033033816
2025-07-09T13:22:24.027854,TRE-004,260.5325116775134,133.6965933160532,4022.5282580002595
2025-07-09T13:24:33.802436,TRE-005,281.0366957755399,131.5845155170438,4115.211480777727
2025-07-09T13:41:15.804974,TRE-004,270.46946670233586,0.1,4122.617177657834
2025-07-09T13:19:53.902818,TRE-005,286.2567272738057,123.26147845447949,4110.306429424729
2025-07-09T13:11:21.809096,TRE-004,257.73082915385237,448.3474053791009,4099.362093586899
2025-07-09T13:32:31.842434,TRE-005,286.48351304090085,139.21390796251802,4013.827026724877
2025-07-09T13:55:01.962933,TRE-003,287.05757610796564,139.29801321411625,3973.987972841251
2025-07-09T13:26:05.990386,TRE-004,295.31337735606724,129.00143388474487,4112.264155388402
2025-07-09T14:00:50.940710,TRE-004,273.29169576652106,137.79489512608086,4119.85771891027
2025-07-09T13:13:12.703503,TRE-004,263.31344212456554,146.22620004724124,4083.6939484407208
2025-07-09T13:40:17.017690,TRE-005,268.83954620121295,141.6147249101751,4022.695175497258
2025-07-09T13:22:17.702915,TRE-002,267.39596153517846,116.56204647069303,4163.819839243559
2025-07-09T13:45:00.368701,TRE-004,290.06489850854416,120.95408964711237,4139.932882056553
2025-07-09T13:10:46.861944,TRE-004,276.82421875832813,137.01969744807263,4137.208140166623
2025-07-09T13:35:08.932767,TRE-005,269.41978134383476,120.88007159434805,4038.1803674739917
2025-07-09T13:12:25.849709,TRE-002,279.1041161950551,115.07549684753359,4116.875544292085
2025-07-09T13:12:05.438276,TRE-002,261.75005461515065,113.40862513226783,4085.026465064183
2025-07-09T14:05:59.841013,TRE-001,280.3353982901311,133.77997560803155,4010.5107465786255
2025-07-09T13:28:20.244695,TRE-003,286.52142127922,136.7230496839859,4038.208378996166
2025-07-09T13:17:46.279697,TRE-004,262.40918158772223,146.83546573924215,4177.394636775033
2025-07-09T13:36:13.027279,TRE-001,282.77840019313146,152.43990926033229,4105.000129212752
2025-07-09T13:19:22.660758,TRE-004,253.07367428999635,131.29109159901162,4112.983327710305
2025-07-09T13:15:23.929348,TRE-001,281.4082756291724,135.48821946043395,4193.305512228666
2025-07-09T13:31:27.159606,TRE-002,243.4203146774262,137.04547235396788,4134.333610465665
2025-07-09T13:51:22.069055,TRE-003,295.6991463080604,150.11139337168436,4109.720688242579
2025-07-09T13:12:00.973783,TRE-001,287.8188591734622,140.2036000406034,4002.856293059746
2025-07-09T13:28:25.410388,TRE-005,284.4762910549724,122.83463228647051,4006.1232735989856
2025-07-09T13:41:49.014286,TRE-003,285.8209790916327,132.61050735026032,4079.868767366297
2025-07-09T13:29:25.068867,TRE-002,267.8135146860038,421.0958437829698,4017.9203898254873
2025-07-09T13:13:50.472069,TRE-002,280.04410718326005,138.49074663508344,4085.039073625583
2025-07-09T14:02:44.399039,TRE-002,253.92900280832401,126.6133010179454,-184.45995238663465
2025-07-09T14:00:58.319579,TRE-001,270.13700035937455,139.65591930638251,4030.0586137331156
2025-07-09T14:16:55.371397,TRE-005,262.31802957038036,127.0449672000566,-107.26907346780067
2025-07-09T13:19:16.169975,TRE-001,284.5805455553174,143.0477145027617,4101.33619757282
2025-07-09T13:44:42.237691,TRE-003,294.4791798495604,134.55909744838587,4117.562346225618
2025-07-09T13:54:20.652089,TRE-003,287.2138895408057,150.25099181099125,4057.441834797298
2025-07-09T13:12:39.777280,TRE-003,296.9183218538358,157.65280319669557,4022.6397197784163
2025-07-09T13:31:25.537754,TRE-001,277.2903715972534,137.67514088395478,4102.012136818372
2025-07-09T13:44:44.832648,TRE-005,270.9205771578364,145.45211703833456,4062.4818655225126
2025-07-09T13:47:30.044712,TRE-001,288.2767989337551,150.56879899844247,4103.261972859755
2025-07-09T14:05:19.463427,TRE-004,284.36844279848896,139.73530368102718,4178.021425944701
2025-07-09T13:13:13.217064,TRE-001,269.0608208811405,131.220632579116,4198.17005753027
2025-07-09T13:28:40.207227,TRE-005,273.4151181220238,135.5594905056441,4026.725034182183
2025-07-09T13:10:46.393529,TRE-002,251.43160701725247,122.18139486407804,4225.23700772693
2025-07-09T13:10:15.052478,TRE-004,280.0510628043044,131.85341156725917,4023.785435816775
2025-07-09T13:18:16.188921,TRE-004,265.5182725949476,132.73737043608676,4217.151013984858
2025-07-09T13:34:44.021203,TRE-004,287.08641708616625,126.99479272949408,4072.5704986476007
2025-07-09T13:10:37.477983,TRE-005,269.627124770178,131.59738102875073,4140.741106803789
2025-07-09T13:20:19.006154,TRE-002,255.94066779304487,126.57216848181271,4183.616732716414
2025-07-09T13:40:00.316362,TRE-001,261.9473845112213,148.53157317931795,4056.722920243755
2025-07-09T14:12:02.534868,TRE-003,288.35542512781035,131.88508587866994,3975.6896159082503
2025-07-09T13:20:31.195661,TRE-002,259.46053342323466,118.84387705943158,4199.852066761591
2025-07-09T13:17:39.513436,TRE-005,287.66756997296557,136.040432865476,4052.2229200314096
2025-07-09T13:20:19.635326,TRE-001,287.50379571218576,,4059.464694215813
2025-07-09T13:26:00.696517,TRE-005,298.2213762624753,132.49981802251656,4212.285732577152
2025-07-09T13:19:00.414893,TRE-003,282.89450716473834,162.56705997504798,3904.308068164495
2025-07-09T13:34:40.630251,TRE-005,306.5899050927598,129.19210683944135,3997.032212464189
2025-07-09T13:50:02.131532,TRE-002,276.5289399688304,129.62391895617066,4235.171511198819
2025-07-09T13:32:32.056660,TRE-003,301.8305266567105,143.41331159522008,4062.721728872645
2025-07-09T13:26:24.473905,TRE-003,,144.8520757930284,
2025-07-09T13:15:33.565463,TRE-004,277.38521460593404,141.51379874542758,4183.320674427079
2025-07-09T13:12:39.996712,TRE-005,294.29795765738606,119.83102165374095,4040.5030662967
2025-07-09T13:29:39.465724,TRE-001,279.53745197651415,147.25425496004056,4061.27889793972
2025-07-09T13:11:28.815604,TRE-004,269.7456646719714,124.05957000281403,4077.6031148887323
2025-07-09T13:23:07.776528,TRE-005,283.88778356924036,133.2237632246314,4108.934604732641
2025-07-09T13:44:57.023056,TRE-004,269.6599031885092,133.07554808071765,4099.505163036058
2025-07-09T13:25:51.790050,TRE-002,243.9072701737731,121.62209051911452,4126.5325770258305
2025-07-09T13:15:41.990196,TRE-003,272.26339891613543,152.4312138747627,4011.965096222813
2025-07-09T13:29:57.799331,TRE-003,306.1108749849494,142.2438190057833,4066.7404360548003
2025-07-09T14:19:11.962547,TRE-003,278.80606107911444,146.79668718282915,4036.3193467790725
2025-07-09T13:39:27.688766,TRE-004,,125.92666089621356,
2025-07-09T13:20:16.884691,TRE-003,300.53600669259725,140.19728547939513,4095.359863127481
2025-07-09T13:46:12.432967,TRE-001,280.3308361402558,147.6803861364125,4137.177619926722
2025-07-09T13:19:49.607962,TRE-005,,,4095.786474096178
2025-07-09T13:16:24.435988,TRE-004,240.63715188222662,123.79031492598561,4150.7564780205175
2025-07-09T13:46:43.320192,TRE-001,273.84992861782894,142.79179241554934,4112.056000446707
2025-07-09T13:31:59.491396,TRE-005,285.21082324423196,135.3929444971154,4148.121220659387
2025-07-09T13:42:25.871445,TRE-005,275.323966753791,139.6792296492385,4070.580839991305
2025-07-09T14:11:45.471058,TRE-004,279.5380823693886,136.28423026534824,4166.063480700591
2025-07-09T13:49:38.443373,TRE-003,307.99392039334725,125.81415883040846,4011.7507142237437
2025-07-09T13:42:33.462171,TRE-004,287.9620223443891,132.90503981810565,4110.437006256766
2025-07-09T13:22:09.767803,TRE-002,264.73657682884027,124.06024315971165,4150.600220992603
2025-07-09T13:16:22.713283,TRE-003,287.4045002721459,143.95199377814993,4072.7355144351504
2025-07-09T13:20:44.145664,TRE-005,278.39022432266256,137.1507509227027,4076.9728203899103
2025-07-09T13:17:51.097424,TRE-004,273.3064538426837,130.39825069547626,4148.338269179584
2025-07-09T13:49:11.932562,TRE-004,281.3251604920971,127.14858758505235,4116.42993992503
2025-07-09T13:47:14.626663,TRE-003,286.0415211302236,145.9593053280676,3956.1899491992417
2025-07-09T13:09:27.095639,TRE-004,271.45939463371434,137.50386275430756,4041.0319398434835
2025-07-09T13:27:13.620341,TRE-001,270.92088890833276,125.2399499952642,4127.289985823921
2025-07-09T13:19:43.384646,TRE-004,273.6468815114263,153.2783838681766,4059.5313250141053
2025-07-09T13:36:11.173550,TRE-001,284.67749016985215,132.74900753232728,4087.54786279253
2025-07-09T13:54:52.106373,TRE-001,278.5210740282466,139.9813077872394,4128.379850406144
2025-07-09T13:21:50.695511,TRE-005,279.51346903612495,135.40863716545599,4081.65256931255
2025-07-09T13:59:17.694462,TRE-003,,,4015.0046867763986
2025-07-09T13:13:24.992488,TRE-001,280.4700858917967,144.1999463434658,4055.049167224694
2025-07-09T13:14:07.629633,TRE-005,,135.76832703884918,4131.948996363818
2025-07-09T13:16:09.652458,TRE-005,276.92929665647165,140.07230696121283,4128.73155602285
2025-07-09T13:39:37.196384,TRE-003,286.4558562143154,132.3406370130286,4030.93978917896
2025-07-09T13:15:31.173501,TRE-002,261.0668741033739,122.52862084724161,4173.220718708994
2025-07-09T13:10:12.950288,TRE-002,262.8772000699697,124.18764470028492,4241.256417128815
2025-07-09T13:43:24.535294,TRE-005,291.26804453008106,130.3779631937391,4146.182999364917
2025-07-09T13:10:34.379459,TRE-005,276.9206796798721,124.48795147692816,4104.029147254938
2025-07-09T13:39:05.416788,TRE-002,271.6605465301782,117.92913494372341,4142.500383696742
2025-07-09T13:46:55.571291,TRE-002,274.37473230123175,131.7636311712691,4111.2991600811665
2025-07-09T13:12:48.160031,TRE-001,292.16745684841834,128.85965755004776,4062.519101900671
2025-07-09T13:41:36.225646,TRE-002,264.3499514948008,124.47177547739963,4272.945340171387
2025-07-09T13:24:28.697287,TRE-005,284.50136791603245,148.09725763272303,4121.8236358708355
2025-07-09T14:11:21.059427,TRE-002,269.9702343626951,117.3286818193028,-11.470887575436564
2025-07-09T13:21:36.177195,TRE-003,287.2730481781718,153.32505223265983,4134.493853019082
2025-07-09T14:04:22.112169,TRE-001,,137.08199957064485,
2025-07-09T13:09:48.571733,TRE-002,265.5740922383002,110.181913398198,4138.207132635635
2025-07-09T14:01:10.567612,TRE-003,282.0602352137108,144.37946608265474,4010.6570319101256
2025-07-09T13:11:04.297133,TRE-004,264.3556377334032,147.31842217917207,4139.237232914936
2025-07-09T13:45:32.732757,TRE-001,280.1635061141171,141.26698515316755,11052.4476821348
2025-07-09T13:26:17.583757,TRE-001,261.9787044091361,147.18016902508472,4152.155732992638
2025-07-09T13:25:45.873671,TRE-003,287.55640120969235,136.74305794036604,4030.997172694822
2025-07-09T13:16:48.046325,TRE-005,264.63639694144877,146.9098566340657,4057.074675818021
2025-07-09T13:29:37.632814,TRE-002,270.54344825297943,129.78465098967584,4136.09565788965
2025-07-09T13:22:32.481366,TRE-002,262.3501034052114,132.4053090382127,4131.557045783773
